id,sku_name,base_price,cogs,category
P313303,Samsung Microwave,17.726864942232854,15.599417207298076,Mobiles & Tablets
P751549,Samsung Smart TV,141.82984899565184,124.81026711617362,Mobiles & Tablets
P370493,Samsung Refrigerator,183.63046462267292,152.41296838584054,Mobiles & Tablets
P782682,Samsung Microwave,152.33645491467183,121.86916393173748,Mobiles & Tablets
P747668,Apple MacBook Air,179.91862817987885,156.52790018893808,Mobiles & Tablets
P709484,Apple iPad Air,438.5528225523445,280.6738064335005,Computing
P812976,Apple iPad Air,203.4119961931192,172.89991683681774,Mobiles & Tablets
P926387,Apple iPhone 16,42.92032496119732,37.3404401125526,Mobiles & Tablets
P972345,Apple MacBook Air,119.43379612990424,106.29587327557016,Mobiles & Tablets
P241542,Apple MacBook Air,90.39786691249178,59.66184568935512,Entertainment
P262382,Apple MacBook Air,177.2873112445648,122.3282447587497,Mobiles & Tablets
P671747,Apple iPad Air,156.3300848732336,136.00549427571198,Mobiles & Tablets
P277486,Apple MacBook Pro,165.73377709809006,120.98459355773826,Entertainment
P640071,Apple MacBook Air,203.4119961931192,136.28542160925602,Computing
P538399,Apple iPad Air,180.08471839778167,111.65181625737964,Mobiles & Tablets
P748886,Lenovo IdeaPad Slim,180.08471839778167,117.05441379477982,Mobiles & Tablets
P168052,Lenovo IdeaPad Slim,208.74367880602148,164.9070583730233,Mobiles & Tablets
P277058,Lenovo IdeaPad Slim,180.08471839778167,140.4656697901805,Mobiles & Tablets
P418626,Lenovo IdeaPad Slim,180.08471839778167,109.8509504115796,Mobiles & Tablets
P793709,Lenovo ThinkPad E14,126.89852502441222,83.75239201415604,Mobiles & Tablets
P426226,Lenovo ThinkPad E14,246.3360535187637,162.58179532238407,Computing
P579921,Lenovo IdeaPad Slim,279.9273335440497,176.3542201327513,Computing
P539142,Lenovo IdeaPad Slim,116.3004761764345,81.41033332350416,Mobiles & Tablets
P678370,Lenovo ThinkPad E14,147.98825033362093,99.15212772352602,Mobiles & Tablets
P669465,Lenovo ThinkPad E14,135.6341240132102,94.94388680924716,Appliances
P984532,Lenovo ThinkPad E14,893.901285117332,545.2797839215725,Appliances
P473888,Sony WH-1000XM5,270.5964224259147,162.35785345554882,Computing
P180184,Sony WH-1000XM5,174.8612743538497,143.38624497015675,Mobiles & Tablets
P192415,Sony WH-1000XM5,139.51578303835436,90.68525897493032,Mobiles & Tablets
P652031,Sony PlayStation 5,166.36827905412324,129.76684710212692,Mobiles & Tablets
P383728,Sony WH-1000XM5,134.3632539189202,95.39736908958852,Mobiles & Tablets
P551746,Sony PlayStation 5,98.22650134060704,83.49112650284826,Entertainment
P353028,Sony PlayStation 5,36.14794967165495,22.77302167492025,Mobiles & Tablets
P397123,Sony WH-1000XM5,222.0756846116128,170.99827715094182,Computing
P661542,Sony PlayStation 5,29.858915578031965,20.901240904622377,Mobiles & Tablets
P872944,Sony WH-1000XM5,457.2127786063908,397.774874783871,Entertainment
P388033,Huawei P60 Pro,63.263577380955226,55.6719480952406,Entertainment
P600326,Huawei MateBook,116.86779557241712,77.13117748472744,Mobiles & Tablets
P529158,Huawei P60 Pro,174.8612743538497,150.38069594431073,Mobiles & Tablets
P847756,Huawei MateBook,60.83754049024013,41.97790293826569,Entertainment
P197154,Huawei P60 Pro,134.36512010114384,83.30637446270919,Mobiles & Tablets
P779734,Huawei P60 Pro,182.7701546175809,131.59383949905776,Mobiles & Tablets
P272094,Huawei MateBook,99.97138171969829,67.97941986006064,Entertainment
P847388,Huawei MateBook,202.00862716095165,153.52521299112223,Mobiles & Tablets
P813488,Huawei P60 Pro,168.24192600664475,137.9575208816258,Computing
P393352,Huawei MatePad,240.7375068478827,170.92362986199674,Computing
P611114,Huawei MateBook,89.57488055187227,75.24260107441692,Entertainment
P358545,Huawei MatePad,179.71148195305628,147.36307928870588,Entertainment
P965921,Huawei MatePad,191.42737395298656,124.42769976033009,Mobiles & Tablets
P500104,Generic Product,115.70329786487386,83.30637446270919,Mobiles & Tablets
P553953,Generic Product,174.8612743538497,136.39179399600278,Mobiles & Tablets
P876996,Boat Earbuds,270.5964224259147,175.88767457684455,Entertainment
P177109,JBL Speaker,83.7915818408522,50.27494910451132,Entertainment
P754774,Generic Product,170.2648675370564,103.86050547373694,Mobiles & Tablets
P544078,HP Pavilion,203.4119961931192,146.45611472802315,Computing
P984161,Generic Product,63.4483294210943,41.24076095993303,Mobiles & Tablets
P291889,Generic Product,165.45571594676963,135.67331383990637,Mobiles & Tablets
P950932,Dell Inspiron Laptop,141.4192889064539,86.26427328715798,Computing
P572907,HP Pavilion,131.61436750351766,88.1808424308229,Computing
P334177,Generic Product,34.70912317723853,29.84958466691383,Mobiles & Tablets
P770541,Bose Soundbar,55.052375596996434,35.23352038207772,Entertainment
P240605,Asus Vivobook,79.78862097117229,67.02206837934,Computing
P592314,Generic Product,29.858915578031965,19.408295125720777,Mobiles & Tablets
P692465,Dell Inspiron Laptop,171.78207368486514,118.52869775144514,Computing
P910456,Generic Product,157.45912511852794,116.51881949659888,Mobiles & Tablets
P531159,Generic Product,125.03234280078524,102.52618518384364,Mobiles & Tablets
P957169,Bose Soundbar,140.76612512818446,105.57366075502652,Entertainment
P774890,Generic Product,23.512029835476547,15.517305189458488,Mobiles & Tablets
P316076,Bose Soundbar,616.7713587264992,462.57805249931846,Entertainment
P497003,Whirlpool Washing Machine,140.8948917016147,108.4886373883319,Appliances
P245834,LG Refrigerator,65.40968693812627,45.7867808566884,Appliances
P198782,HP Pavilion,166.0902179028028,134.53307650127027,Computing
P649809,Whirlpool Washing Machine,151.16076011378684,113.37057008534012,Appliances
P534748,Whirlpool Washing Machine,110.71126041667164,87.46049609250288,Appliances
P368181,Generic Product,156.7593067846678,119.13707315634754,Mobiles & Tablets
P780228,Generic Product,147.4265294843092,123.83798617766396,Mobiles & Tablets
P852171,Whirlpool Washing Machine,117.86620306205756,106.07939613762944,Appliances
P803645,Generic Product,97.03960944638028,60.16384870751079,Mobiles & Tablets
P943107,Generic Product,156.7593067846678,97.19077020649404,Mobiles & Tablets
P624937,Generic Product,162.35785345554882,120.14481155710612,Mobiles & Tablets
P776031,Generic Product,156.3300848732336,118.81049126721284,Mobiles & Tablets
P229136,Generic Product,121.30184453575488,86.12430962038596,Mobiles & Tablets
P813349,Whirlpool Washing Machine,54.11928448518294,39.50707767418354,Appliances
P221984,Whirlpool Washing Machine,121.10589540227404,98.09400240272952,Appliances
P918122,HP Pavilion,79.02348625948522,66.37823551218868,Computing
P329412,LG Refrigerator,139.40381210493675,122.67535465234432,Appliances
P792775,Bose Soundbar,495.4695141907443,336.9186724713946,Entertainment
P450592,Boat Earbuds,64.01005027040603,45.44713569198828,Entertainment
P314652,HP Pavilion,242.6036890715097,191.65691436649269,Computing
P246268,HP Pavilion,72.77924053922929,60.406452396582296,Computing
P386704,Boat Earbuds,158.6236228260712,101.51844678308504,Entertainment
P786178,Whirlpool Washing Machine,142.7610739252417,91.3664154865542,Appliances
P670065,Boat Earbuds,355.9276046012592,227.79366694480584,Entertainment
P614583,Generic Product,38.44148762449253,33.05941809155227,Mobiles & Tablets
P490827,Haier AC,114.23834481932668,93.67488289718078,Appliances
P361624,Haier AC,272.46073846731804,234.3159738163822,Appliances
P697298,Generic Product,74.64542276285628,44.78650718482432,Mobiles & Tablets
P672833,Boat Earbuds,71.18552092025183,60.50722623665815,Entertainment
P122683,Generic Product,110.10475119399288,97.99322856265366,Mobiles & Tablets
P574816,Generic Product,156.3300848732336,114.12077533923818,Mobiles & Tablets
P368790,Bose Soundbar,160.95821678782858,140.03271551429904,Entertainment
P534021,Dell Inspiron Laptop,97.62185830015189,75.16795378547185,Computing
P225759,Boat Earbuds,616.7713587264992,400.9007300084462,Entertainment
P491161,LG Refrigerator,83.27838172935478,55.79511612199998,Appliances
P162958,JBL Speaker,204.34695348715627,165.52103232459658,Entertainment
P126290,Boat Earbuds,153.17623691530395,111.81790647528246,Entertainment
P466269,Generic Product,120.36688724171772,80.64519861181708,Mobiles & Tablets
P611672,Haier AC,237.09845151181008,211.01668875439915,Appliances
P862391,Dell Inspiron Laptop,120.91927717991132,95.52613566301876,Computing
P813029,Whirlpool Washing Machine,117.56761390627724,70.53982187087689,Appliances
P561991,Dell Inspiron Laptop,128.76657343026287,104.30092447851293,Computing
P886455,JBL Speaker,63.4483294210943,42.50976487199939,Entertainment
P293009,LG Refrigerator,117.36233386167828,93.88949385289789,Appliances
P208527,LG Refrigerator,51.93585128353935,44.14454049989664,Appliances
P948018,Asus Vivobook,227.6742312824937,173.03241577469524,Computing
P816897,Dell Inspiron Laptop,141.90449628459692,85.14269777075815,Computing
P984290,Generic Product,226.7392739884566,154.18210913383894,Mobiles & Tablets
P704358,LG Refrigerator,223.9400006530161,185.86988329102536,Appliances
P505335,Dell Inspiron Laptop,79.96777446464048,71.96931745417517,Computing
P296243,Generic Product,93.12062677676356,61.45897917070792,Mobiles & Tablets
P999409,Bose Soundbar,541.1909786696058,351.77348297146546,Entertainment
P505304,JBL Speaker,134.3632539189202,88.67911308453131,Entertainment
P876695,JBL Speaker,55.22033199712287,36.44467264521164,Entertainment
P645210,Generic Product,116.63452279446372,86.30906166052502,Mobiles & Tablets
P446550,Generic Product,149.29457789015984,101.52031296530868,Mobiles & Tablets
P624168,Bose Soundbar,74.64542276285628,60.4624378632911,Entertainment
P858785,Haier AC,53.21605228894747,34.5896875149264,Appliances
P619324,Generic Product,181.0196756918188,153.86672433804597,Mobiles & Tablets
P801710,Haier AC,148.32416313387378,90.47624656588413,Appliances
P666295,IKEA Dining Table,223.9418668352397,147.80163211125824,Home & Living
P657861,Generic Product,166.0902179028028,122.90676124807408,Mobiles & Tablets
P754831,Generic Product,17.726864942232854,13.826544094852428,Mobiles & Tablets
P470236,Nivea Face Wash,12.876657343026285,8.756126993257874,Beauty & Grooming
P394310,Haier AC,100.92313465374804,72.66353724136441,Appliances
P674924,Bose Soundbar,36.558509760852886,31.073800205613143,Entertainment
P392127,JBL Speaker,189.56679027603045,117.5302902618047,Entertainment
P934032,Haier AC,86.88197960317851,65.16148470238389,Appliances
P236487,JBL Speaker,77.25994405815771,65.67095244943405,Entertainment
P736074,Boat Earbuds,185.6459414241901,159.6537554135133,Entertainment
P402856,Generic Product,97.97270055819376,58.7828738620268,Mobiles & Tablets
P396546,Haier AC,133.5813235672205,109.53556561578664,Appliances
P713012,Boat Earbuds,83.9782000632149,68.86212405183622,Entertainment
P514099,JBL Speaker,61.88073635324762,55.07290360145633,Entertainment
P670559,Asus Vivobook,438.5528225523445,306.98697578664115,Computing
P206280,Generic Product,125.22082720537156,101.42887003635096,Mobiles & Tablets
P896277,LG Refrigerator,125.03420898300884,112.53078808470796,Appliances
P416637,Whirlpool Washing Machine,58.22488537716233,37.2639266413839,Appliances
P837665,LG Refrigerator,72.59448849909022,60.25342545424488,Appliances
P850692,Asus Vivobook,144.02261310841357,129.61941870646038,Computing
P885778,Generic Product,46.46793736831225,27.88076242098735,Mobiles & Tablets
P239399,Fortune Oil,118.50257120031436,100.7271855202672,Superstore
P140292,Boat Earbuds,61.5821471974673,43.10694318356003,Entertainment
P260048,Generic Product,139.51578303835436,97.66104812684806,Mobiles & Tablets
P406949,JBL Speaker,61.5821471974673,51.72870505671676,Entertainment
P131987,Haier AC,83.38102175165426,50.8609303227302,Appliances
P767562,Whirlpool Washing Machine,50.36825821569267,36.26365296951983,Appliances
P721438,Haier AC,137.556291703546,111.42040966164993,Appliances
P277750,Haier AC,116.63638897668736,93.30911118134988,Appliances
P420995,LG Refrigerator,73.91947787786539,45.090694887275525,Appliances
P133888,Bose Soundbar,160.40582684963496,99.45071687930634,Entertainment
P992760,LG Refrigerator,87.5239462881062,73.52011488200921,Appliances
P902887,Bose Soundbar,261.2636451255561,195.9472672986112,Entertainment
P353796,Boat Earbuds,92.1894018471737,73.75152147773896,Entertainment
P474849,Asus Vivobook,147.42839566653282,132.68555609987953,Computing
P387024,LG Refrigerator,81.88620979052904,52.40612920389336,Appliances
P894459,JBL Speaker,61.50936609074585,52.28296117713397,Entertainment
P863167,Whirlpool Washing Machine,66.24946893875843,58.962027355495,Appliances
P885392,Generic Product,60.182510529747056,39.71982244767703,Mobiles & Tablets
P202781,Loreal Shampoo,12.876657343026285,9.271193286978926,Beauty & Grooming
P346696,Asus Vivobook,179.2729291305039,136.24623178255985,Computing
P819695,Boat Earbuds,53.68073166263059,39.72355481212428,Entertainment
P201461,Asus Vivobook,118.91313128951232,101.07616159608546,Computing
P965132,Bose Soundbar,64.66321404867547,38.797928429205285,Entertainment
P182103,Tata Salt,118.50257120031436,101.91221123227037,Superstore
P973490,Bose Soundbar,235.1370939947781,157.54123713636753,Entertainment
P206599,Bose Soundbar,175.1038780429212,145.33453921162334,Entertainment
P304991,Generic Product,46.65455559067495,30.32546113393872,Mobiles & Tablets
P833513,Generic Product,139.51578303835436,122.77239612797294,Mobiles & Tablets
P805699,Whirlpool Washing Machine,114.58358853069768,97.39605025109302,Appliances
P799304,Whirlpool Washing Machine,170.90310185753685,112.795785960463,Appliances
P958194,LG Refrigerator,97.36805751773862,75.9461517727243,Appliances
P305199,Haier AC,171.88471370716465,130.63088947166622,Appliances
P616714,Haier AC,135.67144765768273,104.46701469641572,Appliances
P505336,Generic Product,134.36512010114384,80.6190720606863,Mobiles & Tablets
P768353,Haier AC,167.9564001264298,117.56948008850088,Appliances
P389672,LG Refrigerator,330.3142535819786,204.7948372208268,Appliances
P979271,JBL Speaker,54.753786441216114,42.70758018770385,Entertainment
P108938,Boat Earbuds,164.2240356791758,133.02146890013242,Entertainment
P493127,Generic Product,125.22082720537156,96.4200369481361,Mobiles & Tablets
P182780,LG Refrigerator,91.74151811350322,70.64059571095275,Appliances
P858730,Asus Vivobook,80.33914472714225,68.2873399269591,Computing
P591007,Generic Product,69.83813735479315,57.96548604807818,Mobiles & Tablets
P389360,Generic Product,31.536613397072635,24.59814788962746,Mobiles & Tablets
P510854,Bose Soundbar,158.6236228260712,111.03597612358274,Entertainment
P894914,Generic Product,156.7574406024442,122.27039310981728,Mobiles & Tablets
P624366,Generic Product,102.63815611726126,75.95175031939519,Mobiles & Tablets
P467257,Generic Product,100.77197389363424,86.66363628301416,Mobiles & Tablets
P197854,Dell Inspiron Laptop,100.16919703540272,65.10923160012233,Computing
P306870,Bose Soundbar,37.32364447253996,29.858915578031965,Entertainment
P592952,Levi's Jeans,149.25725424568728,105.97115756865908,Men Fashion
P709557,LG Refrigerator,197.81344952223816,140.44700796794424,Appliances
P867109,Generic Product,97.97270055819376,72.49931320568524,Mobiles & Tablets
P628256,JBL Speaker,37.13516006795363,28.59364403041286,Entertainment
P290209,Bose Soundbar,144.3846524597972,125.61459165455685,Entertainment
P622378,Bose Soundbar,38.47881126896507,34.6307435238462,Entertainment
P442670,Generic Product,189.5033400804272,168.65621846028992,Mobiles & Tablets
P381847,Generic Product,31.536613397072635,20.182760748525983,Mobiles & Tablets
P448913,Generic Product,559.8546670880994,503.8692003792894,Others
P900572,Generic Product,69.83813735479315,43.299159952593605,Mobiles & Tablets
P139750,Generic Product,138.09748454839783,113.23993732968624,Others
P608043,Bose Soundbar,71.8461494274158,62.50590739816267,Entertainment
P786986,Boat Earbuds,60.25902400091576,45.79611176780653,Entertainment
P505931,Boat Earbuds,38.52733200677937,33.13219919827372,Entertainment
P707435,Nivea Face Wash,10.264002229948488,8.929681940055184,Beauty & Grooming
P137983,Dell Inspiron Laptop,74.77418933628655,46.35969879934188,Computing
P678648,Boat Earbuds,240.7375068478827,166.1088797250391,Entertainment
P710606,JBL Speaker,130.63088947166622,87.52208010588257,Entertainment
P386755,JBL Speaker,130.44613743152715,83.48552795617738,Entertainment
P587192,Whirlpool Washing Machine,104.13296807838648,81.22371510114145,Appliances
P771186,Whirlpool Washing Machine,56.823382527218456,44.3218278111412,Appliances
P549363,Whirlpool Washing Machine,83.9782000632149,71.38147005373267,Appliances
P482074,Haier AC,125.39811451661612,80.25330034485542,Appliances
P140025,Whirlpool Washing Machine,98.16118496278008,73.62088872208507,Appliances
P208095,Haier AC,120.36875342394136,85.46181493099837,Appliances
P475289,Generic Product,60.182510529747056,51.15392093183964,Mobiles & Tablets
P607593,LG Refrigerator,66.2961234943491,40.440168785997045,Appliances
P682528,Haier AC,43.61081238393931,37.94135078856049,Appliances
P948892,Whirlpool Washing Machine,95.11930793826808,83.70387127634173,Appliances
P766142,JBL Speaker,23.32727779533748,16.09582167878286,Entertainment
P517819,JBL Speaker,54.613822774444095,39.320459451820845,Entertainment
P838523,LG Refrigerator,153.02694233741383,123.9518232933052,Appliances
P215868,Bose Soundbar,114.69555946411528,97.491225544498,Entertainment
P618516,Whirlpool Washing Machine,90.6964560682721,61.67359012642503,Appliances
P363520,Dell Inspiron Laptop,112.42628188018486,74.20127139363306,Computing
P400366,Zara Dress,111.97093341761988,85.0979093973911,Women Fashion
P895097,JBL Speaker,149.2927117079362,117.94085035100264,Entertainment
P479840,Generic Product,147.4265294843092,91.40373913102673,Mobiles & Tablets
P303096,Bose Soundbar,73.39694685524982,66.05725216972485,Entertainment
P766982,Haier AC,99.01962878564852,59.41177727138911,Appliances
P354092,HP Pavilion,145.18897699818044,123.41063044845338,Computing
P130180,Fortune Oil,1.8643160414033708,1.1178431519525718,Superstore
P473371,JBL Speaker,84.7246729526657,55.07103741923271,Entertainment
P888679,Whirlpool Washing Machine,42.30075246295316,34.26310562579168,Appliances
P708157,LG Refrigerator,55.69620846414775,39.542535136432456,Appliances
P989342,LG Refrigerator,34.89760758182486,30.70989467200588,Appliances
P816975,Haier AC,65.72693791614286,47.97954496945012,Appliances
P452095,Milton Water Bottle,35.17753491536891,26.031375837372995,Home & Living
P160695,Haier AC,82.11015165736428,60.76102701907142,Appliances
P970961,Generic Product,102.04284398792424,89.79695623648388,Mobiles & Tablets
P350026,Haier AC,81.40286859460964,65.93595032518908,Appliances
P923065,Whirlpool Washing Machine,135.0182838794133,120.165339561566,Appliances
P279731,LG Refrigerator,67.18256005057192,58.44882724399757,Appliances
P811437,LG Refrigerator,57.66503071007424,39.78887118995122,Appliances
P564570,HP Pavilion,97.9745667404174,67.60245105088799,Computing
P119880,Generic Product,125.22082720537156,75.13249632322294,Mobiles & Tablets
P664665,Generic Product,15.713254322939322,13.197640685490128,Others
P167621,Yonex Racket,124.10111787119536,105.48595019051604,Health & Sports
P451876,Whirlpool Washing Machine,125.0715326274814,110.06182900284944,Appliances
P236646,Nivea Face Wash,12.876657343026285,8.241060699536822,Beauty & Grooming
P667087,HP Pavilion,124.41836884921194,85.84811465128915,Computing
P421755,Generic Product,93.30724499912628,74.64542276285628,Mobiles & Tablets
P392583,Generic Product,46.65268940845132,39.65450606985008,Mobiles & Tablets
P463649,Asus Vivobook,184.3788036943474,147.50304295547792,Computing
P230358,Generic Product,59.90444937842664,45.52738152760424,Mobiles & Tablets
P842330,Whirlpool Washing Machine,60.96257469922314,46.94008147088988,Appliances
P112319,Haier AC,65.87623249403302,59.288609244629725,Appliances
P547290,Generic Product,44.78650718482432,31.34999517470994,Mobiles & Tablets
P282765,JBL Speaker,177.9591368450705,126.3498674506659,Entertainment
P314978,LG Refrigerator,117.8680692442812,99.00843169230674,Appliances
P506029,Dell Inspiron Laptop,92.33869642506386,56.325111873510046,Computing
P921070,Dell Inspiron Laptop,116.63638897668736,87.47729173251552,Computing
P118969,Generic Product,116.63452279446372,86.30906166052502,Mobiles & Tablets
P434577,Asus Vivobook,20.434695348715625,15.530368465023876,Computing
P432163,LG Refrigerator,68.86212405183622,50.957971798358805,Appliances
P158959,HP Pavilion,170.9348269553385,112.8163139649229,Computing
P690224,Boat Earbuds,113.72514470782924,88.7052396356621,Entertainment
P607083,Whirlpool Washing Machine,68.11565116238542,44.95632976717438,Appliances
P902159,Asus Vivobook,68.04100387344035,55.1120934281525,Computing
P978512,Zara Dress,73.71419783326641,59.7085002449458,Women Fashion
P971469,JBL Speaker,50.57167207806801,36.91681674778927,Entertainment
P425584,LG Refrigerator,67.38970627739452,59.97536430292445,Appliances
P882365,Haier AC,111.27298126598338,97.91858127370858,Appliances
P316948,Whirlpool Washing Machine,83.38102175165426,70.03968503494485,Appliances
P390189,Cosco Football,166.55676345870955,101.59869261870102,Health & Sports
P119266,Generic Product,191.42737395298656,126.34053653954776,Mobiles & Tablets
P647935,LG Refrigerator,66.51073445006621,39.90644067003972,Appliances
P887897,Boat Earbuds,166.0902179028028,106.2977394577938,Entertainment
P985208,Generic Product,110.38654470976056,73.95866770456155,Mobiles & Tablets
P923197,Whirlpool Washing Machine,110.10475119399288,75.97227832385508,Appliances
P882089,Generic Product,110.10475119399288,95.7911335387738,Mobiles & Tablets
P855806,Bose Soundbar,55.00572104140576,41.25382423549841,Entertainment
P505236,Haier AC,54.11741830295931,39.50521149195992,Appliances
P423681,Loreal Shampoo,82.1120178395879,50.909451060544505,Beauty & Grooming
P934548,Haier AC,111.22446052816908,98.98976987007048,Appliances
P663397,LG Refrigerator,81.5521631724998,57.08651422074986,Appliances
P920290,Biba Kurti,61.95724982441633,49.565799859533065,Women Fashion
P534877,Maggi Noodles,1.8680484058506248,1.3996366677202483,Superstore
P958489,Generic Product,156.7593067846678,125.40744542773426,Mobiles & Tablets
P951406,JBL Speaker,34.99091669300621,26.242254428642845,Entertainment
P584603,Generic Product,111.97093341761988,89.57674673409589,Mobiles & Tablets
P525763,Whirlpool Washing Machine,32.09833424638436,27.28358410942671,Appliances
P369657,Whirlpool Washing Machine,160.1184347871964,137.7018539169889,Appliances
P974370,Generic Product,63.45019560331793,43.78063496628937,Mobiles & Tablets
P459124,Whirlpool Washing Machine,66.77013377915036,43.399933792669465,Appliances
P930755,Asus Vivobook,315.3847957929626,220.76935705507384,Computing
P490040,IKEA Dining Table,101.89354941003408,75.40122656342523,Home & Living
P620701,JBL Speaker,62.517104491504426,55.64022299743894,Entertainment
P735082,Generic Product,34.71098935946216,21.52081340286654,Mobiles & Tablets
P587495,Generic Product,34.70912317723853,29.155364879724587,Mobiles & Tablets
P693509,LG Refrigerator,77.6331805028831,68.31719884253714,Appliances
P136796,Nivea Face Wash,8.39782000632149,5.206648403919324,Beauty & Grooming
P674457,Levi's Jeans,60.65092226787744,41.24262714215665,Men Fashion
P397709,Adidas T-Shirt,60.65092226787744,52.76630237305336,Men Fashion
P956651,JBL Speaker,155.3204802902514,111.82910356862422,Entertainment
P726605,Yonex Racket,107.30547785855238,93.35576573694055,Health & Sports
P568878,Generic Product,74.46067072271721,57.33471645649225,Mobiles & Tablets
P616334,Puma Sneakers,149.25725424568728,132.83858304221695,Men Fashion
P623453,Haier AC,97.36805751773862,80.81502119416714,Appliances
P285962,Bose Soundbar,31.16337695234724,19.632236992556017,Entertainment
P255913,Boat Earbuds,36.362560627372055,30.543804454103075,Entertainment
P229955,Asus Vivobook,72.8977431104296,52.48637503950931,Computing
P178030,Haier AC,143.69603121927884,119.26770591200145,Appliances
P273714,Generic Product,57.38323719430656,37.29751792140918,Mobiles & Tablets
P297640,Bose Soundbar,141.82984899565184,106.37238674673888,Entertainment
P677701,Bose Soundbar,282.8105850795534,192.3100781447621,Entertainment
P438730,JBL Speaker,57.123837865222406,45.69907029217792,Entertainment
P209422,Generic Product,23.512029835476547,20.690362313352527,Mobiles & Tablets
P176485,LG Refrigerator,93.6823476260753,65.5776433382527,Appliances
P353733,Generic Product,140.4451417857206,113.75873598785454,Mobiles & Tablets
P880316,Haier AC,93.30724499912628,69.97996720378879,Appliances
P355452,Generic Product,93.30724499912628,76.51160498648329,Mobiles & Tablets
P827627,Generic Product,69.83813735479315,43.997112104230105,Mobiles & Tablets
P991559,HP Pavilion,69.01141862972638,43.47644726383817,Computing
P457899,Generic Product,91.44106277549926,64.92261337775963,Mobiles & Tablets
P184758,Milton Water Bottle,91.29363437983274,67.55579649529733,Home & Living
P522597,LG Refrigerator,90.5098378459094,76.0282637905639,Appliances
P757482,Bose Soundbar,135.29821121295734,104.17962263397716,Entertainment
P333900,Dell Inspiron Laptop,89.57674673409589,54.6418155077985,Computing
P805257,Nike Air Max Shoes,89.3901285117332,54.52797839215725,Men Fashion
P177940,Whirlpool Washing Machine,7.278110672145291,5.24023968394461,Appliances
P349636,Asus Vivobook,20.34138623753428,14.64579809102468,Computing
P564448,Haier AC,65.87623249403302,43.4783134460618,Appliances
P942842,Milton Water Bottle,44.788373367047946,38.51800109566123,Home & Living
P743686,Whirlpool Washing Machine,52.55169141733626,42.56575033870819,Appliances
P545027,Haier AC,87.19736439897147,56.67782031377556,Appliances
P133996,Bose Soundbar,130.63275565388986,108.42518719272856,Entertainment
P504691,Whirlpool Washing Machine,21.46109557171048,15.022766900197333,Appliances
P703287,Nivea Face Wash,12.876657343026285,9.399959860409188,Beauty & Grooming
P218603,LG Refrigerator,11.663638897668736,10.146432749859988,Appliances
P177278,Dell Inspiron Laptop,18.28858579154458,13.167781769912096,Computing
P963131,HP Pavilion,127.08700942899856,111.83656829751872,Computing
P938347,LG Refrigerator,126.50750386309564,112.59050591586404,Appliances
P173908,Whirlpool Washing Machine,84.25812739675895,51.39652462091115,Appliances
P290807,LG Refrigerator,123.8211905376513,90.38853600137364,Appliances
P657942,JBL Speaker,41.037347097557685,34.88081194181222,Entertainment
P696943,Milton Water Bottle,126.90039120663586,91.3682816687778,Home & Living
P747667,Haier AC,81.40286859460964,66.74960577469047,Appliances
P279742,Haier AC,60.96257469922314,40.84326414630048,Appliances
P572361,Nike Air Max Shoes,60.65092226787744,53.97932081841091,Men Fashion
P162270,Zara Dress,121.30184453575488,106.74562319146428,Women Fashion
P931387,Levi's Jeans,60.65092226787744,44.27517325555053,Men Fashion
P508653,Haier AC,121.11522631339216,78.7248971037049,Appliances
P451060,Haier AC,24.16705979596962,15.224314580349048,Appliances
P486103,Whirlpool Washing Machine,79.01415534836708,61.63066793528161,Appliances
P624876,Milton Water Bottle,46.65455559067495,40.589463363887205,Home & Living
P327504,IKEA Dining Table,115.70329786487386,87.93450637730415,Home & Living
P245015,Bose Soundbar,56.76366469606239,47.11363641768719,Entertainment
P920906,Zara Dress,111.97093341761988,90.6964560682721,Women Fashion
P633273,Whirlpool Washing Machine,111.22446052816908,91.20405763309864,Appliances
P626248,Generic Product,110.71126041667164,81.92539961722521,Mobiles & Tablets
P939904,Whirlpool Washing Machine,72.76244489921665,51.65965631444256,Appliances
P383378,Biba Kurti,9.33091111813499,6.998183338601242,Women Fashion
P491032,Whirlpool Washing Machine,141.99780539577827,102.23692693918144,Appliances
P767858,JBL Speaker,214.6109557171048,182.41931235953905,Entertainment
P345711,Biba Kurti,21.442433749474205,18.010524640224155,Women Fashion
P615046,LG Refrigerator,42.54895469869555,34.46465330594339,Appliances
P401988,LG Refrigerator,104.8327864122466,77.57532885395068,Appliances
P956221,Boat Earbuds,209.0105428640001,140.0364478787463,Entertainment
P358912,Cosco Football,26.03324201959662,19.523998423585653,Health & Sports
P125789,HP Pavilion,206.399753933146,148.6078228318651,Computing
P481645,Generic Product,102.64002229948488,75.95361650161881,Mobiles & Tablets
P770634,Nivea Face Wash,34.15113469237406,30.052998529289173,Beauty & Grooming
P261079,HP Pavilion,203.4119961931192,132.21714436174918,Computing
P192241,Boat Earbuds,40.43083787487891,34.36574564809116,Entertainment
P744702,Bose Soundbar,64.54937693303422,40.66597683505591,Entertainment
P852469,JBL Speaker,67.14523640609939,50.358927304574536,Entertainment
P299813,LG Refrigerator,100.04416282641972,62.02629856669053,Appliances
P904043,Cosco Football,4.665455559067495,3.779019002844671,Health & Sports
P538125,Generic Product,65.31637782694493,48.33411959193924,Others
P560106,IKEA Dining Table,39.18982669616695,29.392370022125217,Home & Living
P906358,Puma Sneakers,48.70548985444102,42.37353356967461,Men Fashion
P504960,LG Refrigerator,68.58219671829217,43.89260589970699,Appliances
P504630,Whirlpool Washing Machine,64.52325038190345,47.74627219149674,Appliances
P356064,Dell Inspiron Laptop,15.787901611884402,9.629500273915308,Computing
P839934,Asus Vivobook,27.516856887380083,18.98653794318108,Computing
P933565,Generic Product,31.72323161943533,19.66769445480493,Mobiles & Tablets
P954541,Generic Product,31.536613397072635,19.86737595273302,Mobiles & Tablets
P563834,Generic Product,156.3300848732336,104.73947730106524,Mobiles & Tablets
P103962,Generic Product,23.512029835476547,20.220084392998523,Mobiles & Tablets
P135808,Generic Product,0.0018661822236269,0.0,Mobiles & Tablets
P800680,Generic Product,0.0093309111181349,0.0055985466708809,Others
P376580,Pampers Diapers,37.13702625017726,26.36728863762585,Kids & Baby
P236490,Generic Product,30.792006689845465,19.706884281501097,Mobiles & Tablets
P899148,Generic Product,61.5821471974673,48.64950438773221,Mobiles & Tablets
P736825,LG Refrigerator,55.39015457947292,38.771801878074506,Appliances
P805082,Puma Sneakers,60.65092226787744,48.520737814301945,Men Fashion
P341447,Nike Air Max Shoes,60.65092226787744,52.15979315037459,Men Fashion
P755841,Puma Sneakers,60.65092226787744,53.37281159573214,Men Fashion
P782524,Puma Sneakers,60.65092226787744,51.553283927695816,Men Fashion
P878889,Levi's Jeans,181.3555884920717,134.2027622476883,Men Fashion
P855211,Generic Product,0.0037323644472539,0.0018661822236269,Others
P584875,Levi's Jeans,2.366319059559033,1.9165691436649268,Men Fashion
P512258,Luxury Chocolate Hamper,2.398044157360692,1.5825225256356945,Soghaat
P298813,Haier AC,89.58794382743766,68.98155971414835,Appliances
P548239,Generic Product,29.858915578031965,22.692775839304293,Mobiles & Tablets
P494921,Whirlpool Washing Machine,178.2204023563783,114.06105750808211,Appliances
P146984,Boat Earbuds,29.57898824448792,21.591728327364365,Entertainment
P656714,Generic Product,35.27084402655026,23.984173938054177,Mobiles & Tablets
P628437,Whirlpool Washing Machine,58.64850874192566,39.88031411890894,Appliances
P809020,Whirlpool Washing Machine,85.8443822868419,72.96772494381561,Appliances
P132718,Generic Product,181.0196756918188,135.7647567688641,Mobiles & Tablets
P100314,Whirlpool Washing Machine,56.23740130899958,39.36524782518789,Appliances
P527104,Zara Dress,12.969966454207634,9.985941078628066,Women Fashion
P491862,Bose Soundbar,85.90036775355071,67.85998419774852,Entertainment
P905672,H&M Top,83.9782000632149,73.90081605562912,Women Fashion
P533137,Biba Kurti,0.5598546670880994,0.4758764670248844,Women Fashion
P708112,Biba Kurti,0.5598546670880994,0.3359128002528596,Women Fashion
P343951,H&M Top,83.9782000632149,55.42561204172184,Women Fashion
P351473,Dell Inspiron Laptop,20.901240904622377,12.749756951819649,Computing
P614218,Whirlpool Washing Machine,83.48366177395376,63.44646323887067,Appliances
P779480,Zara Dress,41.05600891979395,27.09696588706401,Women Fashion
P292265,Cosco Football,27.05964224259147,20.294731681943603,Health & Sports
P504580,Asus Vivobook,22.884992608337875,13.959043032729944,Computing
P272463,Dell Inspiron Laptop,53.18619337336944,40.95336889749447,Computing
P308235,Zara Dress,3.527084402655026,2.9616311888960456,Women Fashion
P861342,LG Refrigerator,79.3127445041474,70.58834260869119,Appliances
P113237,Bose Soundbar,164.22216949695218,126.45064129074174,Entertainment
P362722,Haier AC,62.069220757833946,37.86110495294453,Appliances
P170108,JBL Speaker,31.51981775706,22.37739104351133,Entertainment
P795792,Milton Water Bottle,22.58080490588668,19.87110831718028,Home & Living
P899584,LG Refrigerator,74.71633768735411,64.25452014170116,Appliances
P289041,Boat Earbuds,39.18982669616695,27.824776954278537,Entertainment
P244416,Generic Product,35.45559606668933,30.846125974330647,Mobiles & Tablets
P238247,LG Refrigerator,52.25310226155594,39.71235771878251,Appliances
P701243,Whirlpool Washing Machine,156.66599767348646,139.43180483829116,Appliances
P406287,Dell Inspiron Laptop,51.926520372421216,33.23297303834958,Computing
P140542,H&M Top,12.969966454207634,11.023538394964676,Women Fashion
P168663,IKEA Dining Table,77.33459134710279,47.945953689424826,Home & Living
P886627,LG Refrigerator,25.60402010816241,17.92281407571369,Appliances
P451592,JBL Speaker,76.60678027988826,49.79347409081556,Entertainment
P392301,Cosco Football,153.02694233741383,120.89128444655692,Health & Sports
P858068,Generic Product,0.839782000632149,0.5878474004425043,Others
P964888,Nike Air Max Shoes,50.38692003792895,38.797928429205285,Men Fashion
P405060,LG Refrigerator,75.58038005689342,55.929481242101126,Appliances
P403179,Whirlpool Washing Machine,50.36825821569267,32.73843474908843,Appliances
P847761,Nike Air Max Shoes,149.25725424568728,120.8968829932278,Men Fashion
P468287,Asus Vivobook,147.74564664454942,130.0150493378693,Computing
P185040,Asus Vivobook,12.150712458035382,10.69135795915907,Computing
P968632,JBL Speaker,47.624970346960986,41.90885419599149,Entertainment
P341170,Asus Vivobook,13.903057566021134,11.122446052816906,Computing
P475499,Tata Salt,3.807011736199076,2.7787453309806,Superstore
P854438,Pampers Diapers,70.91492449782592,61.69598431310855,Kids & Baby
P501330,Bose Soundbar,141.82984899565184,110.62728221660844,Entertainment
P640140,IKEA Dining Table,89.57674673409589,69.8698624525948,Home & Living
P104316,Nivea Face Wash,8.39782000632149,7.306103405499696,Beauty & Grooming
P378114,Generic Product,23.512029835476547,20.690362313352527,Mobiles & Tablets
P875936,Generic Product,139.9618005898012,97.97270055819376,Mobiles & Tablets
P961578,Pampers Diapers,34.52437113709946,27.27425319830857,Kids & Baby
P544594,Boat Earbuds,45.72146447886145,28.80452262168271,Entertainment
P283167,Dell Inspiron Laptop,71.84801560963942,48.13817045845841,Computing
P216553,HP Pavilion,135.03694570164956,85.07178284626032,Computing
P136965,Bose Soundbar,132.49707169529322,107.32227349856502,Entertainment
P210375,Boat Earbuds,66.00313288523967,56.76179851383877,Entertainment
P683554,Generic Product,130.63275565388986,109.73151474926748,Others
P985716,Maggi Noodles,1.8661822236269976,1.1570329786487388,Superstore
P900471,IKEA Dining Table,32.47157069110976,22.08066806995464,Home & Living
P338176,H&M Top,12.969966454207634,11.672969808786872,Women Fashion
P505243,Whirlpool Washing Machine,15.862548900829482,11.579660697605522,Appliances
P166285,Puma Sneakers,129.36375174182348,86.67296719413228,Men Fashion
P268690,Haier AC,25.743983774934435,21.623453425166023,Appliances
P801523,Nivea Face Wash,25.47338735250852,19.61357517031975,Beauty & Grooming
P531970,Haier AC,63.53417380338114,52.73271109302808,Appliances
P728976,Boat Earbuds,63.45019560331793,54.56716821885342,Entertainment
P591474,Generic Product,62.517104491504426,48.763341503373454,Mobiles & Tablets
P671331,Yonex Racket,63.45019560331793,54.56716821885342,Health & Sports
P524874,Haier AC,63.44273087442342,43.77503641961849,Appliances
P574659,Whirlpool Washing Machine,62.5357663137407,46.27572059927866,Appliances
P956967,Boat Earbuds,65.64295971607964,45.94913871014394,Entertainment
P380779,Milton Water Bottle,41.05600891979395,33.66592731423104,Home & Living
P264924,Dell Inspiron Laptop,122.46820842552174,96.74848501949444,Computing
P888494,Puma Sneakers,60.65092226787744,48.520737814301945,Men Fashion
P416097,Nike Air Max Shoes,60.65092226787744,40.63611791947788,Men Fashion
P185390,Nike Air Max Shoes,60.65092226787744,50.94677470501704,Men Fashion
P614593,Levi's Jeans,60.65092226787744,42.455645587514205,Men Fashion
P875143,Cosco Football,40.12291780798046,32.09833424638436,Health & Sports
P563852,Biba Kurti,15.071287638011636,10.549528110163418,Women Fashion
P118967,LG Refrigerator,23.513896017700173,21.16250641593016,Appliances
P916538,HP Pavilion,119.33302228982838,90.69272370382484,Computing
P689194,Bose Soundbar,11.08325622612074,9.974743985286304,Entertainment
P689586,HP Pavilion,7.446067072271721,4.540421350084486,Computing
P862377,Asus Vivobook,29.644304622314863,23.121997750738505,Computing
P634801,Maggi Noodles,118.50257120031436,82.95179984022006,Superstore
P775406,LG Refrigerator,122.23493564756836,91.67620173567629,Appliances
P492599,Dell Inspiron Laptop,59.20649722679013,41.44417482230837,Computing
P888661,Whirlpool Washing Machine,62.75970818057594,50.83480377159943,Appliances
P312809,Haier AC,115.70143168265024,97.18890402427044,Appliances
P557054,Generic Product,3.7304982650303686,2.38684706401893,Others
P517130,LG Refrigerator,19.22167690335808,14.031824139451397,Appliances
P284283,LG Refrigerator,115.14717556223302,90.9651863084744,Appliances
P993131,JBL Speaker,37.86670349961541,25.74771613938169,Entertainment
P620394,Whirlpool Washing Machine,7.68307221467235,4.609470092358685,Appliances
P504430,Whirlpool Washing Machine,30.792006689845465,24.32568528497792,Appliances
P524798,Haier AC,27.99273335440497,19.31498601453943,Appliances
P396169,Asus Vivobook,12.128318271351858,8.246659246207704,Computing
P910200,Bose Soundbar,38.08877918422703,28.184950123438547,Entertainment
P874325,H&M Top,15.862548900829482,11.579660697605522,Women Fashion
P887380,Luxury Chocolate Hamper,0.6158401337969093,0.5542561204172184,Soghaat
P747059,Biba Kurti,27.05964224259147,18.4005567249622,Women Fashion
P156884,Bose Soundbar,107.30361167632876,84.76946132603275,Entertainment
P299124,Boat Earbuds,53.316826129023326,31.990095677414,Entertainment
P279357,Biba Kurti,14.929457789015984,9.10696925129975,Women Fashion
P588293,LG Refrigerator,52.25310226155594,39.71235771878251,Appliances
P451684,Adidas T-Shirt,26.12655113077797,19.333647836775697,Men Fashion
P162756,Biba Kurti,51.87986581683054,39.42869802079121,Women Fashion
P877152,Generic Product,103.57311341129838,91.14433980194258,Others
P872958,H&M Top,17.72873112445648,12.410111787119536,Women Fashion
P888366,JBL Speaker,102.4534040771222,68.64378073167187,Entertainment
P319549,H&M Top,20.434695348715625,17.77725186227078,Women Fashion
P966750,H&M Top,20.434695348715625,14.099006699501968,Women Fashion
P986337,HP Pavilion,102.06150581016053,62.25583898019665,Computing
P739824,Whirlpool Washing Machine,25.380078241327173,19.28885946340865,Appliances
P733468,LG Refrigerator,101.19373107617396,61.72770941091021,Appliances
P505181,Boat Earbuds,25.19346001896448,15.116076011378684,Entertainment
P417195,H&M Top,4.575878812333399,3.0194828378284826,Women Fashion
P873818,Biba Kurti,27.05964224259147,17.047574612832626,Women Fashion
P938702,H&M Top,15.004105077961064,12.902783894157064,Women Fashion
P146139,Levi's Jeans,98.75836327434072,75.05598285205423,Men Fashion
P677068,JBL Speaker,10.84065253704923,8.020851197148836,Entertainment
P823656,Yonex Racket,7.464728894507991,5.897135826661313,Health & Sports
P722616,Milton Water Bottle,97.04147562860388,60.16571488973441,Home & Living
P203898,IKEA Dining Table,96.66823918387848,79.26795613078036,Home & Living
P776045,LG Refrigerator,24.055088862552,21.16810496260104,Appliances
P415305,Bose Soundbar,96.0057444944909,60.482965867751,Entertainment
P355737,Whirlpool Washing Machine,11.943566231212786,8.241060699536822,Appliances
P422527,LG Refrigerator,95.294729067289,67.65843651759681,Appliances
P217083,Whirlpool Washing Machine,94.77966277356796,80.56122041175387,Appliances
P504692,Asus Vivobook,11.824130568900658,10.640971039121142,Computing
P825073,Bose Soundbar,94.0835768041551,57.39070192320106,Entertainment
P720522,Yonex Racket,93.30911118134988,55.98546670880994,Health & Sports
P533917,Puma Sneakers,93.30724499912628,83.97633388099128,Men Fashion
P642957,Zara Dress,8.73933135324523,5.242105866168237,Women Fashion
P786707,Cosco Football,8.39782000632149,7.558038005689341,Health & Sports
P253922,Maggi Noodles,92.3760200695364,68.35825485145693,Superstore
P746317,Adidas T-Shirt,92.04010726928354,69.95010828821076,Men Fashion
P746103,Yonex Racket,91.4429289577229,69.4966260078694,Health & Sports
P180847,LG Refrigerator,91.44106277549926,74.06690627353191,Appliances
P650191,Biba Kurti,12.969966454207634,9.338375847029498,Women Fashion
P633207,Biba Kurti,12.969966454207634,9.59777517611365,Women Fashion
P594703,H&M Top,30.232152022757365,21.767149456385305,Women Fashion
P963316,Haier AC,22.58080490588668,19.645300268121407,Appliances
P713234,H&M Top,14.929457789015984,11.047798763871826,Women Fashion
P858654,Pampers Diapers,44.78650718482432,35.82883251141473,Kids & Baby
P571622,Whirlpool Washing Machine,89.28188994276283,77.6742365118029,Appliances
P983274,Yonex Racket,8.985667406763994,6.468187587091174,Health & Sports
P106821,H&M Top,22.20756846116128,17.543979084317407,Women Fashion
P224384,Yonex Racket,4.198910003160745,2.728358410942671,Health & Sports
P263108,Haier AC,68.15297480685796,52.47704412839118,Appliances
P754047,LG Refrigerator,7.343427049972236,4.626265732371328,Appliances
P885003,JBL Speaker,14.649530455471933,13.18457740992474,Entertainment
P505165,Yonex Racket,43.85528225523445,35.08422580418756,Health & Sports
P502182,Whirlpool Washing Machine,87.3373280657435,65.50299604930763,Appliances
P794286,H&M Top,20.434695348715625,13.690312792527656,Women Fashion
P454002,LG Refrigerator,28.85117717727339,22.791683497156527,Appliances
P738796,IKEA Dining Table,34.57662423936102,28.35104034134136,Home & Living
P841002,Adidas T-Shirt,17.26218556854973,15.362412064897446,Men Fashion
P562355,Maggi Noodles,1.0264002229948488,0.7688670761343231,Superstore
P191421,Adidas T-Shirt,85.2845276197538,57.14063350523504,Men Fashion
P760224,LG Refrigerator,28.36596979913037,19.28885946340865,Appliances
P314259,Dell Inspiron Laptop,2.566000557487122,2.077060814896849,Computing
P782582,Loreal Shampoo,29.112442688581165,25.327825139065617,Beauty & Grooming
P423136,Zara Dress,16.79564001264298,12.428773609355806,Women Fashion
P399251,Zara Dress,83.9782000632149,67.18256005057192,Women Fashion
P922939,IKEA Dining Table,10.497275007901862,6.822762209580304,Home & Living
P205822,Asus Vivobook,83.95767205875501,68.84346222959995,Computing
P505303,LG Refrigerator,27.80611513204227,20.02040289507044,Appliances
P256641,H&M Top,10.361043705577092,7.873422801482304,Women Fashion
P799927,Zara Dress,6.886212405183622,5.232774955050102,Women Fashion
P965987,Festival Gift Pack,0.858443822868419,0.6083754049024013,Soghaat
P126143,Yonex Racket,27.43287868731687,17.008384786136457,Health & Sports
P138741,Maggi Noodles,4.030953603034315,3.1426508645878646,Superstore
P420946,Haier AC,25.004975614378143,17.00278623946558,Appliances
P547091,Festival Gift Pack,0.2612655113077797,0.2220756846116127,Soghaat
P463583,H&M Top,27.05964224259147,24.35367801833232,Women Fashion
P700035,JBL Speaker,40.216226919161805,33.378535251792485,Entertainment
P213157,LG Refrigerator,80.24583561596091,65.80158520508795,Appliances
P925502,Whirlpool Washing Machine,80.24396943373728,70.61446915982197,Appliances
P738893,Milton Water Bottle,80.1487941403323,48.08778353842048,Home & Living
P506768,Festival Gift Pack,0.3172509780165896,0.2780611513204227,Soghaat
P645340,Asus Vivobook,13.249893787751684,10.732413968078864,Computing
P781618,IKEA Dining Table,7.800641694760851,6.70705891171543,Home & Living
P442844,H&M Top,78.3796533923339,69.75789151917718,Women Fashion
P137838,H&M Top,78.3796533923339,62.70372271386713,Women Fashion
P471274,Adidas T-Shirt,19.59304716585985,16.065962763204826,Men Fashion
P457282,Nivea Face Wash,20.528004459896977,14.780163211125824,Beauty & Grooming
P280671,Zara Dress,12.969966454207634,10.116573834281956,Women Fashion
P545511,Johnson Baby Lotion,7.072830627546322,5.658264502037057,Kids & Baby
P301216,Milton Water Bottle,77.33459134710279,61.86767307768224,Home & Living
P809837,Adidas T-Shirt,25.751448503828943,15.450122629407916,Men Fashion
P125242,Whirlpool Washing Machine,25.71599104158003,20.572792833264025,Appliances
P293870,Nivea Face Wash,35.468659342254725,29.79359920020502,Beauty & Grooming
P228611,JBL Speaker,78.5662716146966,54.21072741414066,Entertainment
P867231,Asus Vivobook,3.8256735584353456,3.403916375895644,Computing
P446518,LG Refrigerator,25.191593836740843,19.900967232758305,Appliances
P505249,HP Pavilion,25.24944548567328,15.401601891593613,Computing
P546485,H&M Top,23.32727779533748,14.229639455155858,Women Fashion
P315784,Yonex Racket,9.33091111813499,5.598546670880993,Health & Sports
P280917,Haier AC,74.031448811283,54.04277101401423,Appliances
P736713,Boat Earbuds,38.08877918422703,32.37452921548116,Entertainment
P678246,H&M Top,18.38189490272593,16.358953372314264,Women Fashion
P828295,Milton Water Bottle,36.57717158308916,24.506704960669737,Home & Living
P863752,LG Refrigerator,73.01997804607717,48.19228974294359,Appliances
P964844,Whirlpool Washing Machine,36.38868717850284,21.832465834212247,Appliances
P660875,Milton Water Bottle,12.128318271351858,8.489262935279214,Home & Living
P725301,IKEA Dining Table,80.6190720606863,50.79001539823238,Home & Living
P838611,Adidas T-Shirt,16.793773830419354,10.91529982599431,Men Fashion
P475869,Generic Product,10.26213604772486,7.593495467938254,Others
P452163,Milton Water Bottle,71.66139738727672,54.46266201433031,Home & Living
P926871,Biba Kurti,35.36415313773161,28.29132251018529,Women Fashion
P771768,Boat Earbuds,23.57361384885624,17.44320524424155,Entertainment
P314147,Puma Sneakers,35.268977844326635,30.683768120875097,Men Fashion
P757885,IKEA Dining Table,6.996317156377615,4.756898488025217,Home & Living
P379182,Puma Sneakers,18.10196756918188,11.042200217200946,Men Fashion
P245350,LG Refrigerator,69.42197871892432,49.98382467762551,Appliances
P792491,LG Refrigerator,18.503196747261683,15.72631759850471,Appliances
P421498,Bose Soundbar,34.63634207051708,29.093780866344897,Entertainment
P983498,Adidas T-Shirt,68.86212405183622,46.82624435524863,Men Fashion
P540013,LG Refrigerator,115.6286505759288,98.28435298953949,Appliances
P204602,Johnson Baby Lotion,17.15021463513211,13.033416649810952,Kids & Baby
P924655,Haier AC,71.28629476032769,43.48391199273268,Appliances
P437214,Nivea Face Wash,9.629500273915308,6.451391947078531,Beauty & Grooming
P748974,H&M Top,8.478065841937452,7.121351365360624,Women Fashion
P419592,Biba Kurti,33.59128002528596,27.54484962073449,Women Fashion
P713443,Generic Product,33.59128002528596,24.52163441845876,Others
P304734,Puma Sneakers,7.462862712284364,5.148796754986887,Men Fashion
P357859,Nike Air Max Shoes,66.80745742362289,40.08372798128429,Men Fashion
P697140,Classmate Notebook,66.67869085019264,48.67376475663936,School & Education
P779004,IKEA Dining Table,10.917166008217938,9.607106087231784,Home & Living
P343074,Yonex Racket,5.598546670880993,4.142924536451935,Health & Sports
P121025,Levi's Jeans,22.17957572780687,17.521584897633883,Men Fashion
P390965,IKEA Dining Table,65.59443897826534,43.29169522369909,Home & Living
P578899,Asus Vivobook,11.514344319778576,10.015799994206098,Computing
P718246,Generic Product,3.732364447253996,2.426036890715097,Others
P822284,LG Refrigerator,21.56560177623359,15.741247056293728,Appliances
P987831,Dell Inspiron Laptop,17.54211290209378,15.787901611884402,Computing
P505040,HP Pavilion,64.52325038190345,52.26243317267407,Computing
P443022,Classmate Notebook,64.47659582631277,38.68595749578767,School & Education
P334155,Dell Inspiron Laptop,7.108288089795235,5.969916933382766,Computing
P844361,LG Refrigerator,15.989449292036118,12.471695800499226,Appliances
P552342,Rich Dad Poor Dad,3.545746224891296,2.552937281921733,Books
P323454,Boat Earbuds,63.48751924779047,55.86789722872143,Entertainment
P984088,Luxury Chocolate Hamper,31.725097801658965,21.573066505128097,Soghaat
P210596,Dell Inspiron Laptop,33.59128002528596,22.5061576169416,Computing
P289415,Yonex Racket,63.4483294210943,48.220282476298,Health & Sports
P153922,Camlin Geometry Box,63.30090102542777,56.97081092288499,School & Education
P661017,Biba Kurti,31.613126868241345,20.86391726014984,Women Fashion
P115955,Levi's Jeans,31.426508645878645,24.82582212090995,Men Fashion
P505225,Nike Air Max Shoes,0.6158401337969093,0.3862997202907886,Men Fashion
P692763,Adidas T-Shirt,31.351861356933565,18.811116814160137,Men Fashion
P286419,Puma Sneakers,31.351861356933565,20.378709882006817,Men Fashion
P540895,Nike Air Max Shoes,31.21189769016154,22.78421876826202,Men Fashion
P744942,Boat Earbuds,31.109257667862053,25.82049724610314,Entertainment
P303710,Nivea Face Wash,16.79564001264298,13.940381210493674,Beauty & Grooming
P601772,Adidas T-Shirt,1.679564001264298,1.4108337610620103,Men Fashion
P201274,Milton Water Bottle,11.010475119399288,7.927542085967487,Home & Living
P864196,Adidas T-Shirt,15.396003344922732,10.622309216884872,Men Fashion
P146818,Haier AC,15.396003344922732,11.546069417580236,Appliances
P846112,Nike Air Max Shoes,30.792006689845465,22.47816488358719,Men Fashion
P820784,Loreal Shampoo,20.528004459896977,18.47520401390728,Beauty & Grooming
P519736,Puma Sneakers,33.253501042809475,22.610663821464705,Men Fashion
P417317,Generic Product,6.811565116238542,5.107740746067093,Others
P583069,H&M Top,20.434695348715625,13.486898930152314,Women Fashion
P611179,Atomic Habits,1.8568513125088628,1.3735101165894703,Books
P950957,Adidas T-Shirt,60.65092226787744,53.97932081841091,Men Fashion
P392053,Nike Air Max Shoes,0.7446067072271721,0.6624946893875843,Men Fashion
P463316,Levi's Jeans,60.65092226787744,44.27517325555053,Men Fashion
P253081,IKEA Dining Table,12.130184453575486,10.553260474610672,Home & Living
P621393,Zara Dress,10.053123638678638,6.031500946762457,Women Fashion
P176270,Zara Dress,11.303465728508726,7.45913034783711,Women Fashion
P505307,Dell Inspiron Laptop,30.11831490711612,25.60028774371516,Computing
P654166,Zara Dress,59.71783115606393,42.99683843236603,Women Fashion
P914543,H&M Top,14.929457789015984,10.152031296530868,Women Fashion
P747087,Generic Product,29.11057650635754,25.03483452995617,Mobiles & Tablets
P505636,Festival Gift Pack,1.698225823500568,1.1700962542141276,Soghaat
P998934,Dell Inspiron Laptop,3.0512079356301416,1.8307247613780848,Computing
P596467,Bose Soundbar,19.69941955260659,17.530915808752017,Entertainment
P194372,Zara Dress,14.742839566653284,10.90970127932343,Women Fashion
P760662,Haier AC,58.57012908853333,40.99815727086152,Appliances
P370891,Maggi Noodles,1.1383711564124688,0.819253996172252,Superstore
P433145,Loreal Shampoo,19.22167690335808,11.533006142014846,Beauty & Grooming
P919536,IKEA Dining Table,39.842990474436405,25.89701071727185,Home & Living
P722399,Cosco Football,28.38463162136664,24.409663485041133,Health & Sports
P326167,Fortune Oil,4.030953603034315,2.700365677588266,Superstore
P441981,Nivea Face Wash,13.996366677202484,12.036875342394136,Beauty & Grooming
P743730,Zara Dress,13.996366677202484,8.95767467340959,Women Fashion
P400640,Generic Product,11.197093341761986,9.517529340497688,Others
P405456,Milton Water Bottle,55.98546670880994,36.39055336072646,Home & Living
P578132,Yonex Racket,4.198910003160745,3.1482494112587456,Health & Sports
P399362,IKEA Dining Table,10.917166008217938,8.73373280657435,Home & Living
P656037,IKEA Dining Table,10.917166008217938,6.658538173901128,Home & Living
P679932,Bose Soundbar,54.30403652532201,45.61509209211471,Entertainment
P983938,Yonex Racket,13.809748454839784,8.28584907290387,Health & Sports
P279242,Asus Vivobook,9.14429289577229,6.035233311209711,Computing
P163740,LG Refrigerator,18.65995605404635,16.793773830419354,Appliances
P194864,H&M Top,27.20893682048163,22.31020848346076,Women Fashion
P630615,Atomic Habits,27.15295135377282,17.10542626176506,Books
P197519,Festival Gift Pack,0.7744656228052041,0.4646793736831224,Soghaat
P780656,H&M Top,27.05964224259147,18.671153147388114,Women Fashion
P951914,Puma Sneakers,27.05964224259147,22.188906638925005,Men Fashion
P519917,Zara Dress,27.05964224259147,21.91831021649909,Women Fashion
P907309,Adidas T-Shirt,27.05964224259147,20.83592452679543,Men Fashion
P582180,Zara Dress,27.05964224259147,17.047574612832626,Women Fashion
P844269,Haier AC,26.9028829358068,22.866330786101607,Appliances
P683449,IKEA Dining Table,53.74604804045754,40.84699651074773,Home & Living
P959132,LG Refrigerator,46.25332641259514,36.07703474715712,Appliances
P998024,Milton Water Bottle,27.43287868731687,18.380028720502303,Home & Living
P568444,Luxury Chocolate Hamper,0.5598546670880994,0.5038692003792894,Soghaat
P631722,LG Refrigerator,13.173380316582978,10.142700385412734,Appliances
P825553,Zara Dress,14.920126877897848,12.53141363165529,Women Fashion
P680396,Biba Kurti,8.73933135324523,6.903008045196265,Women Fashion
P837603,Puma Sneakers,13.063275565388984,8.88302738446451,Men Fashion
P694336,Loreal Shampoo,13.063275565388984,7.837965339233391,Beauty & Grooming
P351814,Yonex Racket,13.063275565388984,8.49112911750284,Health & Sports
P639318,Puma Sneakers,7.462862712284364,4.700913021316407,Men Fashion
P121144,H&M Top,6.512975960458222,5.73104560875851,Women Fashion
P274768,Festival Gift Pack,0.3079200668984546,0.1959491334808348,Soghaat
P512223,Biba Kurti,17.129686630672214,11.646843257656094,Women Fashion
P472870,Milton Water Bottle,25.66000557487122,20.783671424533875,Home & Living
P680265,Levi's Jeans,51.20804021632482,35.33242803992995,Men Fashion
P837041,LG Refrigerator,54.86389119241011,35.6608761112883,Appliances
P151006,LG Refrigerator,51.11473110514347,34.246309985779035,Appliances
P753586,Generic Product,11.197093341761986,7.054168805310052,Others
P356228,Biba Kurti,21.181168238166425,14.826817766716498,Women Fashion
P999157,Cosco Football,7.464728894507991,6.046430404551473,Health & Sports
P423636,Yonex Racket,12.690039120663586,9.263728558084418,Health & Sports
P734358,Puma Sneakers,25.33342368573649,22.799148226051035,Men Fashion
P731800,Levi's Jeans,12.018213520157866,9.252531464742656,Men Fashion
P803301,Dell Inspiron Laptop,12.802010054081205,8.703873890996318,Computing
P934275,Milton Water Bottle,25.19346001896448,17.13155281289584,Home & Living
P185032,IKEA Dining Table,25.19346001896448,22.42217941687838,Home & Living
P667073,Fortune Oil,0.0018661822236269,0.0,Superstore
P576253,Zara Dress,16.79564001264298,13.268555609987954,Women Fashion
P615309,Levi's Jeans,5.596680488657366,3.525218220431399,Men Fashion
P251714,Zara Dress,16.786309101524846,11.749483279955578,Women Fashion
P490466,Dell Inspiron Laptop,17.54211290209378,13.682848063633148,Computing
P437509,Harry Potter,3.277015984689008,2.2599466728122946,Books
P963185,Cosco Football,16.627683612516552,14.796958851138466,Health & Sports
P973241,Asus Vivobook,49.45382892611544,39.56306314089235,Computing
P794442,HP Pavilion,5.458583004108969,4.747567576907082,Computing
P652660,Biba Kurti,12.223493564756836,7.94433772598013,Women Fashion
P986099,Camlin Geometry Box,3.543880042667669,2.161039014960064,School & Education
P868339,Dell Inspiron Laptop,9.357037669265766,6.830226938474812,Computing
P139709,Haier AC,48.520737814301945,31.053272201153245,Appliances
P205994,Biba Kurti,24.260368907150973,16.254447167791152,Women Fashion
P258155,IKEA Dining Table,24.260368907150973,17.22486192407719,Home & Living
P368222,Levi's Jeans,12.130184453575486,9.825449407396144,Men Fashion
P501300,Levi's Jeans,48.33225340971562,30.448629160698097,Men Fashion
P250019,Adidas T-Shirt,16.09582167878286,11.588991608723656,Men Fashion
P692301,Biba Kurti,12.018213520157866,9.73400647843842,Women Fashion
P115727,LG Refrigerator,16.01184347871964,12.648983111743792,Appliances
P490699,H&M Top,11.943566231212786,9.077110335721718,Women Fashion
P697680,Milton Water Bottle,11.943566231212786,10.03259563421874,Home & Living
P730475,JBL Speaker,15.715120505162949,13.985169583860722,Entertainment
P313043,Loreal Shampoo,23.513896017700173,16.22458825221312,Beauty & Grooming
P130155,Cosco Football,24.35367801833232,14.612206810999393,Health & Sports
P678309,Levi's Jeans,11.542337053132982,8.425812739675896,Men Fashion
P159796,Whirlpool Washing Machine,23.32727779533748,14.229639455155858,Appliances
P402404,IKEA Dining Table,23.32727779533748,15.862548900829482,Home & Living
P469054,Nivea Face Wash,23.32727779533748,15.862548900829482,Beauty & Grooming
P939305,Cosco Football,46.65455559067495,30.32546113393872,Health & Sports
P757616,LG Refrigerator,15.461319722749677,10.976883839374002,Appliances
P645170,Milton Water Bottle,1.2130184453575483,0.7875288983705931,Home & Living
P348472,Loreal Shampoo,11.570329786487386,8.446340744135792,Beauty & Grooming
P574545,Luxury Chocolate Hamper,1.9128367792176728,1.4724177744417013,Soghaat
P564043,Generic Product,1.772873112445648,1.0637238674673888,Others
P224439,Milton Water Bottle,4.18957909204261,3.224762882427452,Home & Living
P928710,Dell Inspiron Laptop,45.72146447886145,27.43287868731687,Computing
P102776,Nike Air Max Shoes,45.71959829663782,32.00315895297938,Men Fashion
P452488,LG Refrigerator,25.47338735250852,18.850306640856303,Appliances
P213998,H&M Top,11.376246835230178,6.824628391803931,Women Fashion
P844813,Biba Kurti,15.116076011378684,9.674288647282356,Women Fashion
P212275,Cosco Football,5.365273892927619,4.023488874139807,Health & Sports
P462042,Zara Dress,11.29413481739059,8.13095594834283,Women Fashion
P727256,Zara Dress,14.929457789015984,12.391449964883266,Women Fashion
P229579,H&M Top,14.929457789015984,11.644977075432466,Women Fashion
P401585,Zara Dress,14.929457789015984,9.25626382918991,Women Fashion
P343443,Yonex Racket,8.95767467340959,7.345293232195863,Health & Sports
P484584,Levi's Jeans,44.788373367047946,36.27858242730884,Men Fashion
P519239,Pampers Diapers,44.78650718482432,40.30766984811952,Kids & Baby
P261639,Nike Air Max Shoes,14.927591606792356,10.150165114307242,Men Fashion
P470836,H&M Top,14.920126877897848,11.637512346537958,Women Fashion
P152703,Biba Kurti,14.920126877897848,11.786806924428118,Women Fashion
P149702,Biba Kurti,14.910795966779713,12.673243480650942,Women Fashion
P871942,Dell Inspiron Laptop,44.65774061139406,33.49237236743373,Computing
P302016,HP Pavilion,44.65774061139406,31.706435979422693,Computing
P515465,Asus Vivobook,6.438328671513142,4.893129790349988,Computing
P757318,Festival Gift Pack,2.0882579082386106,1.5228046944796303,Soghaat
P690407,Nivea Face Wash,1.5843887078593213,1.3772424810367243,Beauty & Grooming
P110969,Milton Water Bottle,11.010475119399288,7.927542085967487,Home & Living
P961919,Yonex Racket,7.464728894507991,4.702779203540034,Health & Sports
P625189,Festival Gift Pack,1.623578534555488,1.3137922854334063,Soghaat
P115324,Luxury Chocolate Hamper,2.705964224259147,1.9203015081121808,Soghaat
P242143,IKEA Dining Table,1.3044613743152715,0.7949936272651011,Home & Living
P409617,LG Refrigerator,21.75035381637266,15.224314580349048,Appliances
P162328,Nike Air Max Shoes,21.927641127617225,15.787901611884402,Men Fashion
P700907,Cosco Football,4.852073781430194,3.1538479579296266,Health & Sports
P616244,Puma Sneakers,8.80838009551943,5.725447062087629,Men Fashion
P188488,Whirlpool Washing Machine,21.46109557171048,16.31043263449996,Appliances
P121796,Generic Product,4.747567576907082,4.129861260886546,Others
P698028,Luxury Chocolate Hamper,1.2969966454207635,0.9330911118134988,Soghaat
P496204,Milton Water Bottle,1.698225823500568,1.1365049741888418,Home & Living
P557705,Milton Water Bottle,8.50979093973911,7.233322298778243,Home & Living
P405111,JBL Speaker,9.648162096151578,7.524446725664055,Entertainment
P756799,IKEA Dining Table,4.665455559067495,2.8925824466218466,Home & Living
P393350,Zara Dress,13.996366677202484,11.89691167562211,Women Fashion
P857748,Levi's Jeans,41.98910003160745,31.491825023705587,Men Fashion
P450890,Nike Air Max Shoes,13.996366677202484,12.17683900916616,Men Fashion
P195130,Biba Kurti,13.977704854966214,10.762272883656896,Women Fashion
P447878,Festival Gift Pack,0.7931274450414741,0.6419666849276873,Soghaat
P761917,Puma Sneakers,13.809748454839784,9.390628949291052,Men Fashion
P741997,Nivea Face Wash,10.35544515890621,8.076836663857646,Beauty & Grooming
P330997,Nike Air Max Shoes,20.621313571078325,17.734329671127362,Men Fashion
P458788,Asus Vivobook,13.74443207701284,11.131776963935042,Computing
P316230,Milton Water Bottle,2.9858915578031966,2.2095597527743656,Home & Living
P388555,JBL Speaker,10.264002229948488,7.184801560963942,Entertainment
P495740,Yonex Racket,41.98910003160745,26.45313301991269,Health & Sports
P114375,Zara Dress,7.464728894507991,4.926721070375274,Women Fashion
P369792,Whirlpool Washing Machine,41.05600891979395,35.71872776022074,Appliances
P158272,Nike Air Max Shoes,10.264002229948488,6.568961427167032,Men Fashion
P497269,Camlin Geometry Box,8.201870872840656,6.150936609074585,School & Education
P301191,HP Pavilion,20.378709882006817,15.487446273880456,Computing
P776371,Puma Sneakers,40.75741976401363,26.08362893963455,Men Fashion
P813711,JBL Speaker,20.34138623753428,14.64579809102468,Entertainment
P701618,Milton Water Bottle,42.455645587514205,37.78459148177583,Home & Living
P425645,Festival Gift Pack,2.2394186683523976,1.8587174947324896,Soghaat
P573715,Zara Dress,16.793773830419354,13.098733027637898,Women Fashion
P666317,Biba Kurti,13.42718109899625,8.726268077679842,Women Fashion
P151672,IKEA Dining Table,1.677697819040671,1.4929457789015983,Home & Living
P253776,Maggi Noodles,1.677697819040671,1.3081937387625255,Superstore
P504425,Nike Air Max Shoes,13.343202898933034,11.47515449308241,Men Fashion
P716922,IKEA Dining Table,8.00592173935982,5.84301654217613,Home & Living
P982769,Luxury Chocolate Hamper,0.5598546670880994,0.4758764670248844,Soghaat
P519866,JBL Speaker,3.1538479579296266,1.922167690335808,Entertainment
P353798,Milton Water Bottle,19.59491334808348,16.263778078909287,Home & Living
P439626,Levi's Jeans,19.59491334808348,16.655676345870955,Men Fashion
P788145,Bose Soundbar,13.063275565388984,9.797456674041738,Entertainment
P886999,Puma Sneakers,13.063275565388984,8.88302738446451,Men Fashion
P113625,Pampers Diapers,7.837965339233391,6.42713157817138,Kids & Baby
P673855,Adidas T-Shirt,13.063275565388984,10.711885963618968,Men Fashion
P775971,Biba Kurti,13.063275565388984,9.405558407080068,Women Fashion
P888526,Yonex Racket,7.837965339233391,7.054168805310052,Health & Sports
P920036,Nike Air Max Shoes,19.59304716585985,14.106471428396476,Men Fashion
P285945,Cosco Football,6.205055893559768,5.460449186332596,Health & Sports
P365619,Yonex Racket,7.826768245891629,7.04297171196829,Health & Sports
P962651,Biba Kurti,13.044613743152714,7.826768245891629,Women Fashion
P870886,LG Refrigerator,12.90465007638069,10.71001978139534,Appliances
P654537,LG Refrigerator,20.901240904622377,15.675930678466782,Appliances
P950527,HP Pavilion,20.901240904622377,15.466918269420558,Computing
P891517,H&M Top,12.969966454207634,10.764139065880524,Women Fashion
P293860,Yonex Racket,3.881659025144156,3.221030517980198,Health & Sports
P874899,Milton Water Bottle,19.398964214602643,12.025678249052374,Home & Living
P468366,Generic Product,3.8723281140260206,2.593993290841527,Others
P338156,Biba Kurti,12.876657343026285,11.460225035293394,Women Fashion
P708258,Dell Inspiron Laptop,7.707332583579501,6.858219671829217,Computing
P362060,IKEA Dining Table,4.290352932118468,2.659309668668472,Home & Living
P878123,Puma Sneakers,38.21008102876278,29.420362755479623,Men Fashion
P162593,Luxury Chocolate Hamper,1.0637238674673888,0.6475652315985683,Soghaat
P573156,Cosco Football,18.969742303168434,12.13951536469362,Health & Sports
P184427,Whirlpool Washing Machine,18.90442592534149,16.823632745997386,Appliances
P410642,Zara Dress,37.79019002844671,23.05108282624068,Women Fashion
P940945,H&M Top,12.596730009482236,8.817711006637564,Women Fashion
P452041,Generic Product,2.3327277795337475,1.608649076766472,Others
P591586,HP Pavilion,18.65995605404635,14.740973384429656,Computing
P379465,HP Pavilion,18.65995605404635,13.994500494978857,Computing
P528017,H&M Top,23.32727779533748,15.162730566969358,Women Fashion
P449985,Puma Sneakers,9.321580207016854,6.524173053799984,Men Fashion
P456808,Johnson Baby Lotion,37.13702625017726,30.823731787647123,Kids & Baby
P994010,Nike Air Max Shoes,12.361591049305234,9.022991051236534,Men Fashion
P718952,Generic Product,18.540520391734223,13.90492374824476,Others
P829337,Loreal Shampoo,12.316802675938186,9.730274113991166,Beauty & Grooming
P596008,Biba Kurti,12.314936493714558,11.08325622612074,Women Fashion
P100134,H&M Top,11.187762430643852,9.732140296214794,Women Fashion
P504512,Biba Kurti,18.38189490272593,12.499688533853632,Women Fashion
P891969,LG Refrigerator,36.70220579207216,22.754359852683987,Appliances
P609053,Nike Air Max Shoes,36.67048069427051,32.27002301095805,Men Fashion
P505099,Loreal Shampoo,9.14429289577229,6.766776742871494,Beauty & Grooming
P665332,Tata Salt,18.28858579154458,14.082211059489326,Superstore
P155072,Zara Dress,9.11256779797063,8.108561761659306,Women Fashion
P504861,JBL Speaker,12.130184453575486,10.310656785539162,Entertainment
P582225,Zara Dress,9.185348904692084,5.878474004425043,Women Fashion
P702734,H&M Top,12.130184453575486,9.097638340181614,Women Fashion
P459512,Levi's Jeans,12.130184453575486,8.855034651110104,Men Fashion
P234062,Zara Dress,9.097638340181614,6.639876351664858,Women Fashion
P420664,Cosco Football,7.464728894507991,5.523899381935913,Health & Sports
P672992,Milton Water Bottle,11.943566231212786,8.36049636184895,Home & Living
P656257,IKEA Dining Table,5.971783115606393,3.702505531675964,Home & Living
P598688,Nivea Face Wash,3.583069869363836,2.8664558954910686,Beauty & Grooming
P140828,Nike Air Max Shoes,11.868918942267706,9.495135153814164,Men Fashion
P237215,Biba Kurti,17.72873112445648,11.346387919652146,Women Fashion
P618464,Pampers Diapers,17.72873112445648,15.069421455788008,Kids & Baby
P580534,Cosco Football,5.038692003792894,3.426310562579168,Health & Sports
P271202,Maggi Noodles,1.3063275565388983,1.1626315253196198,Superstore
P101081,Nivea Face Wash,11.756948008850086,8.935280486726066,Beauty & Grooming
P936007,HP Pavilion,1.3063275565388983,1.1626315253196198,Computing
P297754,Boat Earbuds,17.63542201327513,11.639378528761586,Entertainment
P375491,Pampers Diapers,6.998183338601242,4.687849745751018,Kids & Baby
P996823,Zara Dress,8.73933135324523,6.990718609706734,Women Fashion
P517579,Pampers Diapers,0.9144292895772288,0.6307695915859253,Kids & Baby
P909783,Loreal Shampoo,11.588991608723656,9.73400647843842,Beauty & Grooming
P616077,JBL Speaker,11.570329786487386,8.67774733986554,Entertainment
P380707,Adidas T-Shirt,11.570329786487386,7.983527552676297,Men Fashion
P585010,Loreal Shampoo,11.55540032869837,9.937420340813764,Beauty & Grooming
P801755,Adidas T-Shirt,8.65908551762927,5.540695021948556,Men Fashion
P533392,Haier AC,17.316304853034914,11.94729859566004,Appliances
P165743,Nike Air Max Shoes,40.139713447993095,32.111397521949755,Men Fashion
P953841,IKEA Dining Table,6.934733142997924,5.477244826345239,Home & Living
P733199,Yonex Racket,6.438328671513142,4.055213971941466,Health & Sports
P248304,Nivea Face Wash,34.15113469237406,20.49068081542444,Beauty & Grooming
P216296,Haier AC,34.098881590112505,21.82313492309412,Appliances
P468142,Zara Dress,8.478065841937452,6.188260253547125,Women Fashion
P221875,Whirlpool Washing Machine,11.299733364061472,8.474333477490198,Appliances
P504363,Levi's Jeans,11.290402452943336,9.03232196235467,Men Fashion
P648324,IKEA Dining Table,16.888949123824332,13.679115699185894,Home & Living
P976431,JBL Speaker,16.926272768296872,13.878797197113984,Entertainment
P669452,Yonex Racket,4.476971154481168,3.402050193672017,Health & Sports
P500879,Yonex Racket,11.197093341761986,9.629500273915308,Health & Sports
P805830,Adidas T-Shirt,11.197093341761986,7.725994405815771,Men Fashion
P871784,Yonex Racket,5.598546670880993,3.6390553360726456,Health & Sports
P878609,Biba Kurti,33.59128002528596,24.52163441845876,Women Fashion
P982810,Levi's Jeans,11.197093341761986,9.29358747366245,Men Fashion
P432408,Zara Dress,8.39782000632149,7.390081605562911,Women Fashion
P859642,Nike Air Max Shoes,5.596680488657366,3.9171164873930686,Men Fashion
P619707,Bose Soundbar,16.776978190406712,12.749756951819649,Entertainment
P700081,Nivea Face Wash,1.3977704854966213,1.1588991608723658,Beauty & Grooming
P619306,JBL Speaker,11.178431519525716,6.929134596327043,Entertainment
P646108,Zara Dress,11.150438786171312,8.58443822868419,Women Fashion
P932773,Asus Vivobook,7.044837894191917,5.07228328381818,Computing
P680741,LG Refrigerator,10.264002229948488,7.800641694760851,Appliances
P488521,HP Pavilion,11.943566231212786,8.002189374912566,Computing
P578752,Biba Kurti,11.010475119399288,9.799322856265366,Women Fashion
P614325,Nike Air Max Shoes,33.029559175974235,26.092959850752685,Men Fashion
P468750,Haier AC,32.96984134481817,26.04443911293838,Appliances
P365336,Nike Air Max Shoes,8.21120178395879,6.076289320129505,Men Fashion
P795879,Nike Air Max Shoes,32.75149802465381,21.94257058540624,Men Fashion
P867309,Nike Air Max Shoes,32.75149802465381,26.20119841972305,Men Fashion
P657840,Johnson Baby Lotion,0.2052800445989697,0.1306327556538898,Kids & Baby
P936810,Milton Water Bottle,32.658188913472465,27.43287868731687,Home & Living
P654599,IKEA Dining Table,10.823856897036588,7.468461258955245,Home & Living
P973411,Dell Inspiron Laptop,10.80332889257669,9.073377971274464,Computing
P701301,IKEA Dining Table,4.572146447886145,3.519619673760518,Home & Living
P920311,Generic Product,3.405782558119271,2.8253998865712746,Others
P123682,Milton Water Bottle,3.9656372252073706,3.092263944549936,Home & Living
P102780,Zara Dress,15.862548900829482,11.262409719588932,Women Fashion
P502432,Johnson Baby Lotion,31.72323161943533,26.647215971169903,Kids & Baby
P349342,Pampers Diapers,31.72323161943533,25.060961081086955,Kids & Baby
P139810,Fortune Oil,6.343153378108166,5.074149466041807,Superstore
P660943,Yonex Racket,6.529771600470865,4.896862154797242,Health & Sports
P997843,Dell Inspiron Laptop,17.0942291684233,11.96596041789631,Computing
P765136,Luxury Chocolate Hamper,0.6065092226787743,0.4124262714215665,Soghaat
P318881,H&M Top,15.769239789648132,11.19522715953836,Women Fashion
P912645,Pampers Diapers,31.538479579296265,25.861553255022937,Kids & Baby
P147289,Zara Dress,9.704147562860388,6.404737391487856,Women Fashion
P147937,Nivea Face Wash,10.469282274547458,9.211475455822862,Beauty & Grooming
P846918,Cosco Football,4.478837336704795,3.627858242730884,Health & Sports
P723969,Milton Water Bottle,9.14429289577229,8.22986360619506,Home & Living
P948769,Generic Product,1.2111522631339215,1.0525267741256268,Others
P724734,Generic Product,5.186120399459427,3.318071993608802,Others
P375872,Haier AC,30.978624912208165,27.570976171865265,Appliances
P285804,Biba Kurti,20.434695348715625,12.87292497857903,Women Fashion
P414014,Cosco Football,15.862548900829482,13.800417543721649,Health & Sports
P497470,Generic Product,16.79564001264298,14.780163211125824,Others
P575883,H&M Top,10.271466958842996,8.011520286030702,Women Fashion
P917318,H&M Top,10.264002229948488,8.00592173935982,Women Fashion
P785193,Adidas T-Shirt,10.264002229948488,6.671601449466517,Men Fashion
P589695,HP Pavilion,30.792006689845465,23.0940050173841,Computing
P863002,Loreal Shampoo,2.7974071532168696,1.705690552395076,Beauty & Grooming
P854817,Levi's Jeans,3.7304982650303686,2.68543621979925,Men Fashion
P642212,HP Pavilion,7.670008939106961,6.442061035960396,Computing
P180374,Puma Sneakers,7.651347116870691,5.738510337653018,Men Fashion
P286786,JBL Speaker,7.212794294318347,4.90432688369175,Entertainment
P252423,Nivea Face Wash,15.228046944796302,10.202418216568796,Beauty & Grooming
P596142,Nivea Face Wash,15.116076011378684,13.30214689001324,Beauty & Grooming
P541340,Zara Dress,30.232152022757365,19.95322033501986,Women Fashion
P489854,Harry Potter,0.5598546670880994,0.4310880936578365,Books
P404687,Adidas T-Shirt,30.23028584053374,23.88153391575469,Men Fashion
P587286,Levi's Jeans,5.036825821569267,4.079474340848617,Men Fashion
P594912,Zara Dress,10.053123638678638,6.634277804993977,Women Fashion
P324294,Zara Dress,12.596730009482236,8.817711006637564,Women Fashion
P284951,Biba Kurti,10.053123638678638,6.432730124842261,Women Fashion
P377260,Haier AC,15.01903453575008,11.562865057592878,Appliances
P537345,Biba Kurti,14.929457789015984,13.137922854334064,Women Fashion
P787882,Fortune Oil,0.6531637782694493,0.5355942981809484,Superstore
P602715,Zara Dress,14.929457789015984,10.301325874421028,Women Fashion
P504355,Dell Inspiron Laptop,14.733508655535148,11.049664946095454,Computing
P528036,Adidas T-Shirt,5.596680488657366,4.700913021316407,Men Fashion
P778246,Adidas T-Shirt,7.462862712284364,4.775560310261487,Men Fashion
P753425,Asus Vivobook,5.969916933382766,4.417253323325104,Computing
P920632,Asus Vivobook,3.7304982650303686,2.34952341954639,Computing
P395976,Levi's Jeans,14.920126877897848,9.54738825607572,Men Fashion
P282392,Adidas T-Shirt,7.455397983389856,6.559630516048897,Men Fashion
P930623,H&M Top,7.418074338917316,5.117071657185228,Women Fashion
P563405,HP Pavilion,14.798825033362093,11.098185683909756,Computing
P975815,H&M Top,15.862548900829482,10.627907763555752,Women Fashion
P322129,Cosco Football,14.556221344290584,10.334917154446314,Health & Sports
P690503,Generic Product,14.910795966779713,11.032869306082812,Others
P167095,HP Pavilion,28.925824466218465,19.66956063702856,Computing
P866332,HP Pavilion,28.925824466218465,25.743983774934435,Computing
P669129,Loreal Shampoo,14.444250410872964,11.409838115255464,Beauty & Grooming
P205993,IKEA Dining Table,5.318619337336944,4.361267856616294,Home & Living
P996588,Festival Gift Pack,1.5022766900197333,0.946154387378888,Soghaat
P402840,Levi's Jeans,14.257632188510264,12.688172938439958,Men Fashion
P334698,Milton Water Bottle,14.182984899565184,10.211749127686932,Home & Living
P198352,Puma Sneakers,7.091492449782592,4.751299941354336,Men Fashion
P275179,Nike Air Max Shoes,14.089675788383834,12.398914693777774,Men Fashion
P773475,Cosco Football,9.33091111813499,7.464728894507991,Health & Sports
P266291,Nike Air Max Shoes,13.996366677202484,9.377565673725664,Men Fashion
P450226,Generic Product,9.33091111813499,6.998183338601242,Others
P573882,Cosco Football,13.996366677202484,12.316802675938186,Health & Sports
P988211,Levi's Jeans,13.996366677202484,9.23760200695364,Men Fashion
P706543,Puma Sneakers,9.33091111813499,6.251710449150443,Men Fashion
P557021,Nivea Face Wash,13.996366677202484,10.777202341445912,Beauty & Grooming
P408955,Bose Soundbar,5.598546670880993,3.918982669616696,Entertainment
P307738,H&M Top,27.990867172181343,24.631739169652743,Women Fashion
P617883,Levi's Jeans,9.329044935911362,7.556171823465714,Men Fashion
P947714,Nike Air Max Shoes,9.321580207016854,6.990718609706734,Men Fashion
P716883,Nike Air Max Shoes,9.321580207016854,6.430863942618634,Men Fashion
P991363,Pampers Diapers,4.63746282571309,4.032819785257942,Kids & Baby
P186925,H&M Top,9.23760200695364,6.835825485145693,Women Fashion
P978942,Dell Inspiron Laptop,9.235735824730012,7.66441039243608,Computing
P933986,Nivea Face Wash,13.809748454839784,10.357311341129838,Beauty & Grooming
P819909,Zara Dress,27.61949690967957,22.37179249684045,Women Fashion
P186555,Johnson Baby Lotion,2.9112442688581166,2.123715370487524,Kids & Baby
P518083,Milton Water Bottle,13.7556291703546,10.178157847661646,Home & Living
P507071,Johnson Baby Lotion,3.340466180292326,2.370051424006287,Kids & Baby
P235292,Festival Gift Pack,0.4105600891979395,0.3191171602402166,Soghaat
P504908,Nivea Face Wash,9.14429289577229,6.583890884956048,Beauty & Grooming
P489406,Maggi Noodles,1.8661822236269976,1.642240356791758,Superstore
P309716,IKEA Dining Table,9.329044935911362,7.742790045828414,Home & Living
P998662,Nivea Face Wash,9.05098378459094,5.611609946446382,Beauty & Grooming
P955347,Nike Air Max Shoes,14.490904966463638,12.17124046249528,Men Fashion
P495026,Johnson Baby Lotion,9.03232196235467,6.231182444690546,Kids & Baby
P357201,Loreal Shampoo,13.529821121295734,8.388489095203356,Beauty & Grooming
P885091,Biba Kurti,27.05964224259147,18.4005567249622,Women Fashion
P673245,Puma Sneakers,13.50182838794133,10.260269865501234,Men Fashion
P715035,Levi's Jeans,16.121948229913635,11.92863677342377,Men Fashion
P607215,Asus Vivobook,13.436512010114384,10.48047936788922,Computing
P505708,Loreal Shampoo,6.718256005057192,4.635596643489463,Beauty & Grooming
P249932,IKEA Dining Table,4.478837336704795,3.179974509060405,Home & Living
P641587,IKEA Dining Table,1.677697819040671,1.2578068187245963,Home & Living
P319315,Levi's Jeans,13.417850187878114,11.135509328382296,Men Fashion
P206181,Puma Sneakers,8.88302738446451,7.550573276794833,Men Fashion
P629836,Classmate Notebook,13.305879254460494,7.983527552676297,School & Education
P533532,Yonex Racket,2.416705979596962,1.787802570234664,Health & Sports
P736086,Milton Water Bottle,26.53711121997591,22.28968047900086,Home & Living
P632123,Nivea Face Wash,13.249893787751684,11.129910781711414,Beauty & Grooming
P567276,Johnson Baby Lotion,26.45313301991269,23.013759181768137,Kids & Baby
P516066,Luxury Chocolate Hamper,0.811789267277744,0.7296772494381562,Soghaat
P340301,Dell Inspiron Laptop,3.286346895807143,2.8253998865712746,Computing
P659592,Bose Soundbar,6.255442813597697,4.878200332560972,Entertainment
P133080,Cosco Football,13.100599209861524,9.431684958210846,Health & Sports
P264591,Loreal Shampoo,4.702779203540034,3.431909109250049,Beauty & Grooming
P738030,Levi's Jeans,6.531637782694492,5.486575737463374,Men Fashion
P840720,Festival Gift Pack,2.612655113077797,2.2991364995084616,Soghaat
P419070,Generic Product,3.732364447253996,3.359128002528596,Others
P346967,H&M Top,5.575219393085656,3.34419854473958,Women Fashion
P478155,Loreal Shampoo,13.044613743152714,10.695090323606324,Beauty & Grooming
P787667,H&M Top,12.969966454207634,9.857174505197802,Women Fashion
P151867,Bose Soundbar,8.58443822868419,7.554305641242087,Entertainment
P677580,Loreal Shampoo,6.438328671513142,4.5068300700592,Beauty & Grooming
P625909,Loreal Shampoo,12.876657343026285,9.399959860409188,Beauty & Grooming
P507033,Zara Dress,2.146109557171048,1.4164323077328913,Women Fashion
P505418,HP Pavilion,12.874791160802658,8.88302738446451,Computing
P440933,Puma Sneakers,12.857995520790016,8.227997423971434,Men Fashion
P386885,Luxury Chocolate Hamper,1.2223493564756835,0.9778794851805468,Soghaat
P490465,Festival Gift Pack,1.8195276680363228,1.601184347871964,Soghaat
P502421,Milton Water Bottle,8.476199659713824,5.339147341796841,Home & Living
P793380,Zara Dress,25.380078241327173,19.035058680995377,Women Fashion
P755612,HP Pavilion,12.690039120663586,7.867824254811423,Computing
P545689,Zara Dress,12.682574391769078,10.525267741256268,Women Fashion
P869132,IKEA Dining Table,3.779019002844671,2.493219450765669,Home & Living
P430433,Zara Dress,8.39782000632149,7.138147005373267,Women Fashion
P546750,H&M Top,9.33091111813499,6.251710449150443,Women Fashion
P259978,Milton Water Bottle,8.39782000632149,7.138147005373267,Home & Living
P811390,Cosco Football,8.39782000632149,6.970190605246837,Health & Sports
P422173,Yonex Racket,8.39782000632149,6.466321404867547,Health & Sports
P234177,Cosco Football,8.39782000632149,6.130408604614688,Health & Sports
P379242,Adidas T-Shirt,2.7974071532168696,1.761676019103886,Men Fashion
P468756,Pampers Diapers,2.2394186683523976,1.769140747998394,Kids & Baby
P813413,Levi's Jeans,8.388489095203356,5.033093457122013,Men Fashion
P505119,Nike Air Max Shoes,6.251710449150443,5.438054999649072,Men Fashion
P270878,Harry Potter,3.8555324740133776,2.504416544107431,Books
P324711,Tata Salt,1.3996366677202483,0.964816209615158,Superstore
P445316,Levi's Jeans,24.72691446305772,20.02786762396494,Men Fashion
P119057,Dell Inspiron Laptop,12.34479540929259,8.022717379372464,Computing
P547814,Cosco Football,4.105600891979395,2.8739206243855766,Health & Sports
P812489,Yonex Racket,4.105600891979395,2.545472553027225,Health & Sports
P830104,Generic Product,2.2375524861287706,1.4761501388889553,Others
P266974,H&M Top,14.910795966779713,11.48075303975329,Women Fashion
P326272,Biba Kurti,12.223493564756836,10.267734594395742,Women Fashion
P811297,Haier AC,8.11789267277744,6.087486413471267,Appliances
P238790,LG Refrigerator,8.11789267277744,6.331956284766404,Appliances
P654052,Zara Dress,12.130184453575486,9.704147562860388,Women Fashion
P494258,Generic Product,12.130184453575486,7.884619894824066,Others
P153488,H&M Top,12.130184453575486,7.884619894824066,Women Fashion
P179348,Cosco Football,4.852073781430194,3.49349312262974,Health & Sports
P782578,Yonex Racket,24.07375068478828,20.9441630957658,Health & Sports
P932250,Nivea Face Wash,24.07375068478828,19.740475561526384,Beauty & Grooming
P197609,IKEA Dining Table,8.02458356159609,6.499912684892833,Home & Living
P387638,Generic Product,12.00888260903973,9.726541749543912,Others
P520349,Levi's Jeans,11.962228053449056,8.252257792878584,Men Fashion
P136050,Atomic Habits,5.971783115606393,3.702505531675964,Books
P656351,Luxury Chocolate Hamper,2.9858915578031966,2.687302402022877,Soghaat
P645865,Loreal Shampoo,23.887132462425573,14.810022126703856,Beauty & Grooming
P818221,Biba Kurti,2.9840253755795696,2.2076935705507386,Women Fashion
P841380,Levi's Jeans,23.887132462425573,17.676478022194924,Men Fashion
P395083,Johnson Baby Lotion,2.9840253755795696,2.38684706401893,Kids & Baby
P899811,Boat Earbuds,7.951802454874638,6.52044068935273,Entertainment
P618876,Adidas T-Shirt,11.924904408976516,8.823309553308446,Men Fashion
P323833,Luxury Chocolate Hamper,0.9517529340497688,0.6755579649529733,Soghaat
P894301,Biba Kurti,11.89691167562211,9.041652873472804,Women Fashion
P317437,Generic Product,4.747567576907082,3.465500389275335,Others
P354128,Nivea Face Wash,3.918982669616696,3.1351861356933566,Beauty & Grooming
P400480,Puma Sneakers,7.837965339233391,6.740650191740716,Men Fashion
P405758,Nivea Face Wash,6.740650191740716,4.24556455875142,Beauty & Grooming
P113963,IKEA Dining Table,7.837965339233391,5.878474004425043,Home & Living
P885558,Cosco Football,2.612655113077797,1.698225823500568,Health & Sports
P514715,Milton Water Bottle,7.837965339233391,5.564955390855707,Home & Living
P213060,Loreal Shampoo,23.431783999860585,16.166736603280683,Beauty & Grooming
P606949,Nivea Face Wash,24.260368907150973,15.041428722433604,Beauty & Grooming
P531621,Generic Product,4.665455559067495,3.8256735584353456,Others
P664265,Generic Product,4.665455559067495,3.032546113393872,Others
P117695,Biba Kurti,7.763318050288311,6.908606591867146,Women Fashion
P622474,Bose Soundbar,18.66182223626998,11.943566231212786,Entertainment
P443595,Biba Kurti,11.501281044213188,10.12030619872921,Women Fashion
P698616,Pampers Diapers,11.477020675306036,9.065913242379956,Kids & Baby
P171657,Generic Product,5.934459471133853,4.211973278726134,Others
P820716,Yonex Racket,7.595361650161881,6.759312013976986,Health & Sports
P771328,Cosco Football,4.198910003160745,2.8963148110691006,Health & Sports
P449125,Biba Kurti,3.7304982650303686,2.72275986427179,Women Fashion
P711041,Levi's Jeans,25.19346001896448,20.154768015171577,Men Fashion
P451831,Zara Dress,11.337057008534012,8.841971375544716,Women Fashion
P504709,H&M Top,11.29413481739059,9.711612291754896,Women Fashion
P506680,Generic Product,2.258080490588668,1.737415650196735,Others
P869468,Adidas T-Shirt,2.7992733354404966,2.407375068478827,Men Fashion
P900096,Milton Water Bottle,1.8661822236269976,1.4742839566653283,Home & Living
P358041,Yonex Racket,7.464728894507991,5.225310226155594,Health & Sports
P729061,Biba Kurti,22.394186683523973,16.12381441213726,Women Fashion
P650552,Biba Kurti,22.394186683523973,16.12381441213726,Women Fashion
P110552,Cosco Football,11.197093341761986,7.390081605562911,Health & Sports
P809730,Nike Air Max Shoes,7.464728894507991,4.478837336704795,Men Fashion
P679783,Biba Kurti,22.394186683523973,14.332279477455344,Women Fashion
P235473,Nike Air Max Shoes,1.8661822236269976,1.1197093341761988,Men Fashion
P408177,Puma Sneakers,7.462862712284364,6.343153378108166,Men Fashion
P198252,H&M Top,7.462862712284364,6.268506089163086,Women Fashion
P989867,Levi's Jeans,5.596680488657366,3.525218220431399,Men Fashion
P440762,Nike Air Max Shoes,5.596680488657366,4.588942087898788,Men Fashion
P326506,IKEA Dining Table,2.7974071532168696,1.733683285749481,Home & Living
P442630,Classmate Notebook,7.455397983389856,5.815023808821725,School & Education
P329247,Adidas T-Shirt,7.455397983389856,6.111746782378418,Men Fashion
P696424,Adidas T-Shirt,5.589215759762858,4.973375625965949,Men Fashion
P135284,H&M Top,5.579884848644723,4.629998096818582,Women Fashion
P838057,JBL Speaker,8.11789267277744,5.275697146193523,Entertainment
P315685,Nike Air Max Shoes,22.20756846116128,18.654357507375472,Men Fashion
P710253,Loreal Shampoo,22.20756846116128,16.433600661259344,Beauty & Grooming
P134657,Dell Inspiron Laptop,4.43218278111412,2.702231859811893,Computing
P348595,Milton Water Bottle,7.371419783326641,4.570280265662518,Home & Living
P981842,Johnson Baby Lotion,22.039612061034845,13.443976739008892,Kids & Baby
P262133,Haier AC,11.019806030517422,7.492721627862396,Appliances
P685508,Classmate Notebook,2.426036890715097,1.4556221344290583,School & Education
P960615,Pampers Diapers,11.570329786487386,8.909153935595288,Kids & Baby
P418918,Cosco Football,2.034138623753428,1.4630868633235663,Health & Sports
P938447,Yonex Racket,7.278110672145291,5.895269644437686,Health & Sports
P644527,Puma Sneakers,12.10219172022108,10.043792727560502,Men Fashion
P749454,Levi's Jeans,21.741022905254525,15.000372713513809,Men Fashion
P921027,HP Pavilion,10.82199071481296,8.440742197464912,Computing
P569845,Adidas T-Shirt,7.184801560963942,5.387668079611143,Men Fashion
P446106,Festival Gift Pack,0.2687302402022877,0.2034138623753427,Soghaat
P222813,Puma Sneakers,10.730547785855238,8.15521631724998,Men Fashion
P989217,Dell Inspiron Laptop,5.337281159573214,3.521485855984145,Computing
P108199,Fortune Oil,2.668640579786607,2.0005473437281416,Superstore
P904519,Generic Product,5.318619337336944,3.6166611493891216,Others
P919937,H&M Top,21.274477349347777,13.402920730089098,Women Fashion
P579577,IKEA Dining Table,7.091492449782592,4.538555167860859,Home & Living
P598076,Zara Dress,5.579884848644723,4.016024145245299,Women Fashion
P567342,Cosco Football,7.091492449782592,5.176789488341292,Health & Sports
P269194,Johnson Baby Lotion,3.536415313773161,2.2972703172848346,Kids & Baby
P846596,Boat Earbuds,7.072830627546322,6.152802791298212,Entertainment
P408158,Boat Earbuds,10.599915030201348,6.570827609390659,Entertainment
P641317,Haier AC,10.543929563492538,8.750528446586992,Appliances
P503383,Puma Sneakers,3.508422580418756,2.664908215339353,Men Fashion
P546879,Pampers Diapers,2.3327277795337475,2.099455001580373,Kids & Baby
P572454,Nike Air Max Shoes,6.998183338601242,5.107740746067093,Men Fashion
P280656,Milton Water Bottle,2.3327277795337475,1.8419218547198468,Home & Living
P379777,Nike Air Max Shoes,6.998183338601242,5.178655670564919,Men Fashion
P894743,IKEA Dining Table,0.0018661822236269,0.0,Home & Living
P754543,Loreal Shampoo,11.010475119399288,6.716389822833565,Beauty & Grooming
P166018,JBL Speaker,10.823856897036588,8.983801224540368,Entertainment
P148077,Adidas T-Shirt,5.225310226155594,4.180248180924475,Men Fashion
P339575,Classmate Notebook,2.9840253755795696,1.789668752458291,School & Education
P764762,H&M Top,12.130184453575486,7.399412516681046,Women Fashion
P749616,Whirlpool Washing Machine,5.598546670880993,4.814750136957654,Appliances
P782370,Yonex Racket,6.914205138538027,5.738510337653018,Health & Sports
P505326,Whirlpool Washing Machine,6.904874227419892,5.040558186016521,Appliances
P943518,IKEA Dining Table,6.852621125158336,4.932319617046155,Home & Living
P644690,Johnson Baby Lotion,10.264002229948488,8.724401895456214,Kids & Baby
P181682,Generic Product,0.0018661822236269,0.0,Others
P768785,Adidas T-Shirt,10.264002229948488,6.466321404867547,Men Fashion
P810382,Adidas T-Shirt,20.528004459896977,13.753762988130974,Men Fashion
P391092,Biba Kurti,10.264002229948488,8.108561761659306,Women Fashion
P962586,Puma Sneakers,3.7304982650303686,3.282614531359889,Men Fashion
P962189,Pampers Diapers,20.34138623753428,14.238970366273994,Kids & Baby
P972044,Yonex Racket,20.34138623753428,15.662867402901393,Health & Sports
P267000,Fortune Oil,0.3172509780165896,0.2332727779533747,Superstore
P397283,IKEA Dining Table,6.718256005057192,4.702779203540034,Home & Living
P926715,Fortune Oil,4.030953603034315,2.9821591933559426,Superstore
P315456,Asus Vivobook,3.359128002528596,2.7880762420987346,Computing
P452759,Cosco Football,1.9035058680995376,1.4462912233109233,Health & Sports
P996636,Festival Gift Pack,0.7091492449782592,0.6233048626914173,Soghaat
P845624,Biba Kurti,10.053123638678638,6.735051645069835,Women Fashion
P657059,H&M Top,10.053123638678638,7.438602343377213,Women Fashion
P900885,H&M Top,10.053123638678638,6.132274786838315,Women Fashion
P353776,Fortune Oil,1.670233090146163,1.1010475119399288,Superstore
P977249,Bose Soundbar,13.063275565388984,11.103784230580636,Entertainment
P304553,Milton Water Bottle,7.259448849909021,6.169598431310855,Home & Living
P258191,Generic Product,2.8477940732547986,2.077060814896849,Others
P160003,HP Pavilion,2.845927891031172,2.218890663892501,Computing
P221815,Dell Inspiron Laptop,6.624946893875842,4.835278141417551,Computing
P495211,Luxury Chocolate Hamper,0.1586254890082948,0.1194356623121278,Soghaat
P610445,Maggi Noodles,3.303142535819786,2.8720544421619496,Superstore
P842526,Festival Gift Pack,1.5396003344922733,0.968548574062412,Soghaat
P655918,Milton Water Bottle,4.945382892611544,3.7584909983847736,Home & Living
P886407,JBL Speaker,3.286346895807143,2.627584570866813,Entertainment
P809775,Cosco Football,6.531637782694492,4.24556455875142,Health & Sports
P616707,IKEA Dining Table,6.531637782694492,5.159993848328649,Home & Living
P794915,IKEA Dining Table,6.531637782694492,4.180248180924475,Home & Living
P264277,H&M Top,3.265818891347246,2.1554404682891826,Women Fashion
P786145,IKEA Dining Table,6.531637782694492,5.421259359636429,Home & Living
P499423,Nike Air Max Shoes,6.526972327135425,5.09094510605445,Men Fashion
P283439,Zara Dress,6.111746782378418,4.766229399143352,Women Fashion
P787888,Maggi Noodles,1.5116076011378683,1.1327726097415878,Superstore
P792114,Maggi Noodles,2.379382335124422,1.688894912382433,Superstore
P907149,H&M Top,9.704147562860388,7.181069196516688,Women Fashion
P849639,Cosco Football,4.850207599206567,3.297543989148905,Health & Sports
P356001,IKEA Dining Table,9.676154829505984,5.80569289770359,Home & Living
P389982,Cosco Football,6.438328671513142,5.150662937210514,Health & Sports
P679912,Nike Air Max Shoes,19.31498601453943,15.257905860374334,Men Fashion
P359151,Luxury Chocolate Hamper,1.754211290209378,1.4033690321675023,Soghaat
P874651,IKEA Dining Table,6.419666849276872,4.685983563527391,Home & Living
P513964,Nivea Face Wash,19.22167690335808,15.569558291720044,Beauty & Grooming
P451463,Yonex Racket,2.9858915578031966,2.2095597527743656,Health & Sports
P634260,Generic Product,19.12836779217673,11.66737126211599,Others
P645684,Nike Air Max Shoes,6.363681382568063,4.898728337020869,Men Fashion
P449647,Milton Water Bottle,6.345019560331793,4.822214865852162,Home & Living
P265329,Cosco Football,3.172509780165897,2.44283253072774,Health & Sports
P978525,Milton Water Bottle,19.035058680995377,13.324541076696764,Home & Living
P575871,Adidas T-Shirt,4.758764670248844,3.426310562579168,Men Fashion
P292328,Zara Dress,6.343153378108166,4.185846727595356,Women Fashion
P557788,Maggi Noodles,6.335688649213658,3.801413189528194,Superstore
P282908,Yonex Racket,6.298365004741118,4.911791612586258,Health & Sports
P695734,IKEA Dining Table,2.360720512888152,1.4164323077328913,Home & Living
P330495,Cosco Football,9.33091111813499,6.998183338601242,Health & Sports
P624971,Nike Air Max Shoes,18.66182223626998,12.690039120663586,Men Fashion
P321633,Fortune Oil,3.732364447253996,2.8365969799130366,Superstore
P259500,IKEA Dining Table,4.665455559067495,3.312473446937921,Home & Living
P282256,Pampers Diapers,9.33091111813499,6.811565116238542,Kids & Baby
P629434,Milton Water Bottle,18.66182223626998,16.79564001264298,Home & Living
P134165,Nivea Face Wash,18.65995605404635,12.688172938439958,Beauty & Grooming
P111456,Milton Water Bottle,3.7304982650303686,2.72275986427179,Home & Living
P948525,Maggi Noodles,18.64316041403371,15.28589859372874,Superstore
P210137,Loreal Shampoo,18.64316041403371,14.168055441776168,Beauty & Grooming
P607429,Haier AC,4.980840354860457,4.232501283186031,Appliances
P198953,Luxury Chocolate Hamper,1.5750577967411865,1.1495682497542308,Soghaat
P953248,HP Pavilion,18.47520401390728,13.671650970291386,Computing
P429462,Nike Air Max Shoes,6.158401337969093,4.988305083754965,Men Fashion
P642750,Puma Sneakers,6.158401337969093,5.234641137273729,Men Fashion
P178123,Adidas T-Shirt,6.149070426850958,5.471646279674358,Men Fashion
P440374,Johnson Baby Lotion,9.190947451362964,6.249844266926816,Kids & Baby
P253358,Tata Salt,3.7360968117012496,2.913110451081744,Superstore
P648650,Yonex Racket,6.096817324589402,4.75503230580159,Health & Sports
P504777,Loreal Shampoo,6.081887866800386,4.682251199080137,Beauty & Grooming
P279055,Generic Product,2.388713246242557,1.4556221344290583,Others
P829021,Yonex Racket,6.063226044564116,4.788623585826876,Health & Sports
P948478,Tata Salt,3.00849102453132,1.9837517037154988,Superstore
P527323,Yonex Racket,8.95767467340959,5.374604804045754,Health & Sports
P477231,Yonex Racket,17.91534934681918,14.332279477455344,Health & Sports
P681934,IKEA Dining Table,2.9858915578031966,2.0602651748842056,Home & Living
P388569,Maggi Noodles,0.5971783115606393,0.3993629958561775,Superstore
P392030,Generic Product,5.971783115606393,4.538555167860859,Others
P351680,Loreal Shampoo,2.2394186683523976,1.74674656131487,Beauty & Grooming
P876056,IKEA Dining Table,5.971783115606393,4.359401674392667,Home & Living
P681916,Johnson Baby Lotion,5.953121293370123,4.999502177096727,Kids & Baby
P822412,Rich Dad Poor Dad,2.2300877572342626,1.4033690321675023,Books
P667889,Loreal Shampoo,5.945656564475615,4.161586358688205,Beauty & Grooming
P985474,Zara Dress,22.860732239430725,16.916941857178735,Women Fashion
P756519,Camlin Geometry Box,6.074423137905878,3.704371713899591,School & Education
P504729,Puma Sneakers,8.86436556222824,5.495906648581509,Men Fashion
P756886,Nivea Face Wash,17.72873112445648,11.169100608407582,Beauty & Grooming
P324617,Generic Product,4.663589376843868,3.217298153532944,Others
P265639,H&M Top,17.71006930222021,12.927044263064214,Women Fashion
P219650,H&M Top,17.69140747998394,15.922266731985546,Women Fashion
P510509,JBL Speaker,8.955808491185962,5.910199102226702,Entertainment
P696218,Asus Vivobook,2.1927641127617226,1.644106539015385,Computing
P194039,Zara Dress,8.73933135324523,5.329816430678706,Women Fashion
P960015,Nivea Face Wash,4.366866403287175,3.711836442794098,Beauty & Grooming
P630072,Puma Sneakers,2.9112442688581166,2.2692775839304296,Men Fashion
P431941,Fortune Oil,5.800094351032709,4.986438901531338,Superstore
P891260,Pampers Diapers,8.62176187315673,5.173057123894038,Kids & Baby
P504495,Dell Inspiron Laptop,2.146109557171048,1.716887645736838,Computing
P880632,Milton Water Bottle,5.682524870944208,3.409514922566525,Home & Living
P141714,Cosco Football,1.5862548900829485,1.1421035208597228,Health & Sports
P804717,Cosco Football,16.98225823500568,13.585806588004544,Health & Sports
P674096,Cosco Football,16.972927323887546,13.916120841586524,Health & Sports
P782727,Puma Sneakers,16.94493459053314,11.351986466323028,Men Fashion
P585250,Nike Air Max Shoes,8.67774733986554,7.289307765487053,Men Fashion
P549805,Cosco Football,2.7992733354404966,1.763542201327513,Health & Sports
P667294,Loreal Shampoo,11.756948008850086,9.993405807522574,Beauty & Grooming
P915921,Nike Air Max Shoes,5.596680488657366,3.8051455539754486,Men Fashion
P230438,Nike Air Max Shoes,3.7304982650303686,2.8347307976894096,Men Fashion
P453625,Milton Water Bottle,2.7974071532168696,2.4055088862552,Home & Living
P577535,Puma Sneakers,8.388489095203356,6.29090027584661,Men Fashion
P804496,H&M Top,5.591081941986485,4.807285408063146,Women Fashion
P958462,Levi's Jeans,3.7304982650303686,2.34952341954639,Men Fashion
P152985,Nike Air Max Shoes,3.7304982650303686,3.0586726645246496,Men Fashion
P763931,Zara Dress,5.579884848644723,4.741969030236201,Women Fashion
P688522,Festival Gift Pack,1.2316802675938183,0.9592176629442768,Soghaat
P495402,Yonex Racket,16.60902179028028,11.958495689001802,Health & Sports
P484159,IKEA Dining Table,4.127995078662919,3.508422580418756,Home & Living
P835707,H&M Top,5.495906648581509,4.286620567671214,Women Fashion
P619109,H&M Top,16.42240356791758,10.510338283467252,Women Fashion
P174232,Luxury Chocolate Hamper,1.1197093341761988,0.862176187315673,Soghaat
P885797,Tata Salt,4.103734709755768,2.9541664600015376,Superstore
P347238,Yonex Racket,7.977929006005416,5.1842542172358,Health & Sports
P302251,Adidas T-Shirt,16.329094456736232,14.696185011062608,Men Fashion
P431389,Pampers Diapers,5.355942981809484,4.122396531992038,Kids & Baby
P985524,Nivea Face Wash,2.0061458903990226,1.5433326989395273,Beauty & Grooming
P799062,Puma Sneakers,4.008559416350791,2.8851177177273386,Men Fashion
P950804,Biba Kurti,5.318619337336944,4.042150696376077,Women Fashion
P227866,Cosco Football,7.977929006005416,7.0989571786771,Health & Sports
P904474,Luxury Chocolate Hamper,1.3249893787751683,0.834183453961268,Soghaat
P697647,Cosco Football,15.862548900829482,12.372788142646996,Health & Sports
P763231,Loreal Shampoo,15.862548900829482,13.16591558768847,Beauty & Grooming
P245258,Loreal Shampoo,1.9949487970572608,1.754211290209378,Beauty & Grooming
P209243,H&M Top,15.843887078593212,11.7233567288248,Women Fashion
P184089,Dell Inspiron Laptop,2.519346001896447,1.687028730158806,Computing
P714373,Yonex Racket,3.9469754029711006,3.433775291473676,Health & Sports
P601424,Pampers Diapers,0.5411928448518294,0.4161586358688205,Kids & Baby
P780964,Levi's Jeans,16.09582167878286,13.841473552641444,Men Fashion
P152508,JBL Speaker,3.928313580734831,2.435367801833232,Entertainment
P581513,Nike Air Max Shoes,7.837965339233391,6.348751924779047,Men Fashion
P875648,Nike Air Max Shoes,7.837965339233391,6.505511231563714,Men Fashion
P134557,Yonex Racket,7.837965339233391,5.40819608407104,Health & Sports
P214490,IKEA Dining Table,5.225310226155594,4.127995078662919,Home & Living
P897820,Pampers Diapers,5.225310226155594,4.284754385447587,Kids & Baby
P850836,Generic Product,3.732364447253996,3.0978624912208166,Others
P350243,Adidas T-Shirt,7.837965339233391,4.937918163717036,Men Fashion
P932046,Milton Water Bottle,5.316753155113317,4.465774061139406,Home & Living
P548795,Nike Air Max Shoes,5.215979315037459,3.650252429414408,Men Fashion
P530415,Fortune Oil,0.0018661822236269,0.0,Superstore
P109167,Asus Vivobook,3.8611310206842586,2.739555504284433,Computing
P532247,Classmate Notebook,4.086939069743125,2.614521295301424,School & Education
P473380,HP Pavilion,2.42417070849147,1.623578534555488,Computing
P539895,Adidas T-Shirt,7.651347116870691,5.508969924146898,Men Fashion
P225262,Fortune Oil,0.4758764670248844,0.4180248180924475,Superstore
P989804,Biba Kurti,7.558038005689341,5.441787364096326,Women Fashion
P139241,Levi's Jeans,5.036825821569267,4.029087420810688,Men Fashion
P260175,Maggi Noodles,3.0978624912208166,1.981885521491872,Superstore
P759170,Asus Vivobook,5.023762546003878,3.465500389275335,Computing
P751490,IKEA Dining Table,7.511383450098666,6.009106760078933,Home & Living
P505321,JBL Speaker,7.502052538980531,6.526039236023611,Entertainment
P663928,Zara Dress,14.929457789015984,13.436512010114384,Women Fashion
P527512,Luxury Chocolate Hamper,3.732364447253996,2.687302402022877,Soghaat
P805199,Cosco Football,3.732364447253996,3.321804358056056,Health & Sports
P720293,IKEA Dining Table,14.929457789015984,10.898504185981668,Home & Living
P198356,Asus Vivobook,7.464728894507991,5.001368359320354,Computing
P931487,Cosco Football,4.665455559067495,3.8723281140260206,Health & Sports
P837951,Nike Air Max Shoes,7.464728894507991,5.523899381935913,Men Fashion
P158384,Generic Product,1.8661822236269976,1.3249893787751683,Others
P461750,Adidas T-Shirt,7.464728894507991,6.046430404551473,Men Fashion
P556912,Nike Air Max Shoes,7.462862712284364,4.626265732371328,Men Fashion
P747071,Pampers Diapers,7.462862712284364,6.492447955998325,Kids & Baby
P838951,Generic Product,3.7304982650303686,2.9093780866344896,Others
P946198,Yonex Racket,3.7304982650303686,3.0959963089971896,Health & Sports
P778849,Nike Air Max Shoes,1.8643160414033708,1.1365049741888418,Men Fashion
P493245,Yonex Racket,1.8568513125088628,1.4108337610620103,Health & Sports
P469966,Biba Kurti,7.418074338917316,6.156535155745466,Women Fashion
P507387,Yonex Racket,1.847520401390728,1.644106539015385,Health & Sports
P646568,Nivea Face Wash,14.765233753336808,12.253352480334868,Beauty & Grooming
P728204,HP Pavilion,4.917390159257139,4.277289656553079,Computing
P521903,Adidas T-Shirt,14.740973384429656,11.497548679765934,Men Fashion
P688198,Luxury Chocolate Hamper,14.696185011062608,12.490357622735496,Soghaat
P884353,Loreal Shampoo,14.612206810999393,9.351439122594886,Beauty & Grooming
P272485,Loreal Shampoo,14.556221344290584,10.917166008217938,Beauty & Grooming
P504409,Adidas T-Shirt,7.278110672145291,4.366866403287175,Men Fashion
P121640,LG Refrigerator,4.852073781430194,3.299410171372532,Appliances
P797538,H&M Top,4.852073781430194,3.202368695743928,Women Fashion
P731656,HP Pavilion,7.244519392120005,5.721714697640375,Computing
P738924,Generic Product,0.6512975960458223,0.4945382892611544,Others
P630183,Dell Inspiron Laptop,4.852073781430194,3.881659025144156,Computing
P929346,Loreal Shampoo,3.601731691600106,2.808604246558632,Beauty & Grooming
P776539,Loreal Shampoo,14.929457789015984,10.002736718640708,Beauty & Grooming
P102648,Nivea Face Wash,14.369603121927884,10.633506310226634,Beauty & Grooming
P658058,Pampers Diapers,7.184801560963942,4.956579985953306,Kids & Baby
P184688,Johnson Baby Lotion,2.0434695348715626,1.2857995520790015,Kids & Baby
P963905,Rich Dad Poor Dad,4.730771936894439,3.689442256110575,Books
P739386,Loreal Shampoo,4.721441025776304,3.823807376211719,Beauty & Grooming
P596093,Zara Dress,7.059767351980933,5.788897257690947,Women Fashion
P544948,Loreal Shampoo,14.117668521738238,12.704968578452602,Beauty & Grooming
P389473,Biba Kurti,3.523352038207772,2.2543481261414136,Women Fashion
P215115,Luxury Chocolate Hamper,1.750478925762124,1.1719624364377546,Soghaat
P568120,Tata Salt,7.250117938790886,5.943790382251988,Superstore
P504671,H&M Top,4.665455559067495,3.8723281140260206,Women Fashion
P773985,Biba Kurti,13.996366677202484,11.477020675306036,Women Fashion
P671345,Classmate Notebook,4.665455559067495,3.312473446937921,School & Education
P194342,Biba Kurti,13.996366677202484,9.797456674041738,Women Fashion
P457442,Festival Gift Pack,0.2985891557803196,0.1940829512572078,Soghaat
P383565,H&M Top,13.996366677202484,12.036875342394136,Women Fashion
P741293,IKEA Dining Table,3.499091669300621,2.1330462816056586,Home & Living
P599034,Levi's Jeans,4.663589376843868,3.217298153532944,Men Fashion
P504897,Dell Inspiron Laptop,4.663589376843868,2.7974071532168696,Computing
P732797,Biba Kurti,2.7974071532168696,2.153574286065556,Women Fashion
P996730,H&M Top,13.977704854966214,10.202418216568796,Women Fashion
P332483,Adidas T-Shirt,6.979521516364972,4.954713803729679,Men Fashion
P831108,Puma Sneakers,0.871507098433808,0.5225310226155594,Men Fashion
P978455,Nivea Face Wash,13.927317934928285,9.05098378459094,Beauty & Grooming
P780852,Milton Water Bottle,4.63746282571309,2.7824776954278536,Home & Living
P298116,Asus Vivobook,3.8256735584353456,3.327402904726937,Computing
P119011,Levi's Jeans,6.895543316301757,4.687849745751018,Men Fashion
P583579,Maggi Noodles,3.443106202591811,2.68543621979925,Superstore
P677186,Milton Water Bottle,3.430042927026422,2.743287868731687,Home & Living
P941905,Fortune Oil,3.41884583368466,2.084525543791357,Superstore
P164775,Puma Sneakers,13.660453876949624,9.015526322342026,Men Fashion
P304173,Milton Water Bottle,2.724626046495417,2.0975888193567456,Home & Living
P497435,Festival Gift Pack,0.811789267277744,0.5598546670880994,Soghaat
P712331,Johnson Baby Lotion,5.223444043931967,4.491900612270184,Kids & Baby
P504560,H&M Top,4.478837336704795,2.8664558954910686,Women Fashion
P670138,Nivea Face Wash,3.359128002528596,2.452163441845875,Beauty & Grooming
P549712,Yonex Racket,2.2394186683523976,1.8363233080489656,Health & Sports
P122980,Zara Dress,4.478837336704795,2.9112442688581166,Women Fashion
P480295,IKEA Dining Table,4.478837336704795,2.8216675221240206,Home & Living
P877240,Puma Sneakers,13.417850187878114,9.123764891312392,Men Fashion
P653370,Generic Product,0.837915818408522,0.6027768582315203,Others
P562441,Haier AC,6.679066178361025,4.741969030236201,Appliances
P127381,Tata Salt,2.220756846116128,1.8195276680363228,Superstore
P415104,Generic Product,6.647341080559366,5.1842542172358,Others
P138166,Johnson Baby Lotion,3.321804358056056,2.689168584246504,Kids & Baby
P173440,IKEA Dining Table,14.462912233109233,10.556992839057926,Home & Living
P964141,Generic Product,13.063275565388984,9.928089429695628,Others
P553348,Johnson Baby Lotion,3.265818891347246,2.905645722187236,Kids & Baby
P295127,Biba Kurti,6.531637782694492,5.747841248771153,Women Fashion
P226235,H&M Top,13.063275565388984,8.09923085054117,Women Fashion
P898417,Nike Air Max Shoes,13.063275565388984,11.365049741888416,Men Fashion
P128377,Milton Water Bottle,3.265818891347246,2.416705979596962,Home & Living
P730840,Levi's Jeans,13.063275565388984,8.62176187315673,Men Fashion
P410654,H&M Top,6.529771600470865,4.309014754354738,Women Fashion
P796621,Zara Dress,6.529771600470865,5.223444043931967,Women Fashion
P427813,Milton Water Bottle,3.263952709123619,2.1852993838672146,Home & Living
P528632,Generic Product,1.8643160414033708,1.4537559522054313,Others
P508685,Pampers Diapers,1.3044613743152715,1.1477020675306038,Kids & Baby
P203217,Classmate Notebook,6.522306871576357,5.346612070691349,School & Education
P657864,H&M Top,12.969966454207634,7.910746445954844,Women Fashion
P504571,Zara Dress,12.969966454207634,8.560177859777038,Women Fashion
P215611,H&M Top,12.969966454207634,11.023538394964676,Women Fashion
P856998,Yonex Racket,12.876657343026285,9.91502615413024,Health & Sports
P787459,Levi's Jeans,4.292219114342095,3.6913084383342016,Men Fashion
P788833,Generic Product,3.219164335756571,2.478289992976653,Others
P894504,Loreal Shampoo,12.876657343026285,8.756126993257874,Beauty & Grooming
P866020,HP Pavilion,4.290352932118468,3.560675682680312,Computing
P412671,Pampers Diapers,4.476971154481168,3.267685073570873,Kids & Baby
P547834,Nike Air Max Shoes,12.839333698553745,10.398367350049632,Men Fashion
P797760,H&M Top,12.783348231844936,10.097912012045686,Women Fashion
P912809,H&M Top,12.783348231844936,7.796909330313597,Women Fashion
P129115,Maggi Noodles,3.1951092468940194,2.427903072938724,Superstore
P622376,Pampers Diapers,4.24556455875142,2.8440617088075446,Kids & Baby
P461115,Nike Air Max Shoes,4.24556455875142,3.8200750117644646,Men Fashion
P504277,Zara Dress,4.24556455875142,3.566274229351193,Women Fashion
P243089,Biba Kurti,3.172509780165897,1.9352309659011968,Women Fashion
P178407,H&M Top,12.690039120663586,8.375425819637966,Women Fashion
P487968,Loreal Shampoo,12.690039120663586,8.88302738446451,Beauty & Grooming
P731668,Levi's Jeans,6.345019560331793,4.822214865852162,Men Fashion
P420961,Biba Kurti,12.596730009482236,9.06964560682721,Women Fashion
P527836,Zara Dress,6.279703182504848,4.583343541227907,Women Fashion
P356360,Generic Product,12.410111787119536,10.920898372665192,Others
P504980,Loreal Shampoo,6.186394071323498,3.711836442794098,Beauty & Grooming
P375932,IKEA Dining Table,6.511109778234595,4.295951478789349,Home & Living
P117410,Pampers Diapers,4.103734709755768,2.8720544421619496,Kids & Baby
P650546,Pampers Diapers,4.103734709755768,3.6110626027182406,Kids & Baby
P562906,Adidas T-Shirt,6.149070426850958,5.102142199396212,Men Fashion
P767337,Nivea Face Wash,3.0736021223136656,2.0882579082386106,Beauty & Grooming
P288016,Zara Dress,12.223493564756836,8.188807597275266,Women Fashion
P919215,Loreal Shampoo,6.098683506813029,5.243972048391864,Beauty & Grooming
P798326,H&M Top,12.130184453575486,10.068053096467654,Women Fashion
P821188,Zara Dress,12.130184453575486,9.461543873788878,Women Fashion
P559249,Asus Vivobook,6.065092226787743,5.275697146193523,Computing
P650393,Biba Kurti,12.130184453575486,10.068053096467654,Women Fashion
P476808,Puma Sneakers,12.130184453575486,8.73373280657435,Men Fashion
P107333,Zara Dress,12.130184453575486,10.674562319146428,Women Fashion
P653362,Adidas T-Shirt,12.130184453575486,8.127223583895576,Men Fashion
P652253,Pampers Diapers,2.42417070849147,1.599318165648337,Kids & Baby
P197821,Maggi Noodles,4.030953603034315,2.49881799743655,Superstore
P183544,Milton Water Bottle,3.779019002844671,3.0232152022757366,Home & Living
P198243,Festival Gift Pack,7.091492449782592,6.098683506813029,Soghaat
P783680,Nivea Face Wash,12.036875342394136,8.545248401988022,Beauty & Grooming
P841300,Levi's Jeans,12.036875342394136,8.30451089514014,Men Fashion
P491295,Generic Product,4.012291780798045,3.489760758182486,Others
P534675,H&M Top,12.036875342394136,7.462862712284364,Women Fashion
P477619,Yonex Racket,1.8643160414033708,1.3231231965515415,Health & Sports
P480151,IKEA Dining Table,1.3343202898933035,0.813655449501371,Home & Living
P295167,Generic Product,3.993629958561776,2.995222468921332,Others
P231554,Biba Kurti,5.988578755619036,3.9507077674183546,Women Fashion
P706884,Biba Kurti,5.971783115606393,3.6427877005199,Women Fashion
P704157,Puma Sneakers,5.971783115606393,4.598272999016923,Men Fashion
P106653,IKEA Dining Table,4.777426492485114,4.202642367607999,Home & Living
P756982,IKEA Dining Table,7.462862712284364,4.626265732371328,Home & Living
P124794,Adidas T-Shirt,5.962452204488258,5.186120399459427,Men Fashion
P259514,Zara Dress,5.953121293370123,5.178655670564919,Women Fashion
P642353,Asus Vivobook,3.9675034074309976,3.372191278093985,Computing
P372560,Puma Sneakers,11.89691167562211,8.802781548848548,Men Fashion
P326257,Generic Product,5.934459471133853,4.984572719307711,Others
P336160,Milton Water Bottle,2.9672297355669266,2.521212184120074,Home & Living
P713424,Nike Air Max Shoes,11.812933475558896,8.1496177705791,Men Fashion
P657720,Dell Inspiron Laptop,4.60013918124055,3.310607264714294,Computing
P530057,Nike Air Max Shoes,3.918982669616696,3.1351861356933566,Men Fashion
P857849,Pampers Diapers,5.878474004425043,5.173057123894038,Kids & Baby
P556422,Biba Kurti,5.878474004425043,4.937918163717036,Women Fashion
P707431,Loreal Shampoo,11.756948008850086,10.110975287611074,Beauty & Grooming
P905844,Johnson Baby Lotion,5.878474004425043,3.584936051587463,Kids & Baby
P811804,Whirlpool Washing Machine,5.878474004425043,4.232501283186031,Appliances
P203524,Johnson Baby Lotion,11.75508182662646,9.286122744767942,Kids & Baby
P604374,Milton Water Bottle,3.9171164873930686,2.467092899634891,Home & Living
P894024,Nike Air Max Shoes,14.649530455471933,9.961680709720914,Men Fashion
P505115,Loreal Shampoo,11.706561088812158,9.246932918071774,Beauty & Grooming
P735254,Pampers Diapers,2.3327277795337475,1.981885521491872,Kids & Baby
P410879,Dell Inspiron Laptop,2.3327277795337475,1.9352309659011968,Computing
P451789,Zara Dress,11.663638897668736,9.913159971906612,Women Fashion
P883526,Yonex Racket,3.0978624912208166,2.0136106192935306,Health & Sports
P330414,Puma Sneakers,12.314936493714558,8.866231744451866,Men Fashion
P111337,Cosco Football,6.531637782694492,4.180248180924475,Health & Sports
P557207,Luxury Chocolate Hamper,3.807011736199076,2.398044157360692,Soghaat
P175257,Fortune Oil,0.3303142535819786,0.2463360535187637,Superstore
P933549,Tata Salt,0.6345019560331793,0.4553484625649874,Superstore
P247963,Puma Sneakers,5.691855782062343,3.6987731672287096,Men Fashion
P512707,Festival Gift Pack,0.5038692003792894,0.4180248180924475,Soghaat
P887205,Levi's Jeans,11.271740630707066,9.580979536101006,Men Fashion
P307223,Nike Air Max Shoes,13.22749960106816,9.12563107353602,Men Fashion
P311532,Johnson Baby Lotion,3.732364447253996,3.284480713583516,Kids & Baby
P551837,Loreal Shampoo,2.2394186683523976,1.8587174947324896,Beauty & Grooming
P484084,Cosco Football,3.732364447253996,2.8739206243855766,Health & Sports
P354362,Yonex Racket,2.7992733354404966,1.679564001264298,Health & Sports
P469590,Rich Dad Poor Dad,5.598546670880993,4.310880936578365,Books
P370239,Pampers Diapers,2.519346001896447,1.9389633303484508,Kids & Baby
P453076,Biba Kurti,8.478065841937452,6.358082835897182,Women Fashion
P467262,Johnson Baby Lotion,1.2876657343026283,0.875239462881062,Kids & Baby
P373632,Puma Sneakers,5.598546670880993,4.758764670248844,Men Fashion
P569905,Nivea Face Wash,12.130184453575486,9.21894018471737,Beauty & Grooming
P895362,Nike Air Max Shoes,2.7992733354404966,1.9035058680995376,Men Fashion
P707930,Generic Product,2.7992733354404966,2.351389601770017,Others
P132321,Generic Product,0.1866182223626998,0.1175694800885008,Others
P761307,Yonex Racket,11.19522715953836,6.716389822833565,Health & Sports
P823585,Zara Dress,5.596680488657366,4.085072887519498,Women Fashion
P657518,Nike Air Max Shoes,5.596680488657366,4.644927554607598,Men Fashion
P668128,Cosco Football,3.7304982650303686,3.319938175832429,Health & Sports
P638550,Johnson Baby Lotion,3.7304982650303686,2.76008350874433,Kids & Baby
P716813,Johnson Baby Lotion,3.7304982650303686,3.1706435979422696,Kids & Baby
P970103,Pampers Diapers,3.7304982650303686,3.319938175832429,Kids & Baby
P914171,Milton Water Bottle,3.7304982650303686,3.357261820304969,Home & Living
P318963,Zara Dress,7.649480934647064,6.50177886711646,Women Fashion
P311180,Adidas T-Shirt,3.7304982650303686,2.38684706401893,Men Fashion
P831135,IKEA Dining Table,2.7974071532168696,1.8456542191671008,Home & Living
P966160,Levi's Jeans,2.7974071532168696,2.293537952837581,Men Fashion
P389798,Adidas T-Shirt,3.7304982650303686,2.61078893085417,Men Fashion
P365436,Adidas T-Shirt,1.8643160414033708,1.5097414189142413,Men Fashion
P875224,Harry Potter,1.8643160414033708,1.3417850187878115,Books
P833149,Johnson Baby Lotion,3.7230335361358606,2.493219450765669,Kids & Baby
P493563,Atomic Habits,2.7899424243223616,1.9240338725594348,Books
P908014,Johnson Baby Lotion,2.786210059875108,2.116250641593016,Kids & Baby
P404818,Johnson Baby Lotion,5.971783115606393,4.419119505548731,Kids & Baby
P952401,Johnson Baby Lotion,5.561223026408453,3.446838567039065,Kids & Baby
P905749,Pampers Diapers,3.6763789805451856,2.756351144297076,Kids & Baby
P138368,IKEA Dining Table,11.010475119399288,6.716389822833565,Home & Living
P954748,Luxury Chocolate Hamper,1.0264002229948488,0.9032321962354668,Soghaat
P484518,Nike Air Max Shoes,12.73669367625426,9.041652873472804,Men Fashion
P367824,Milton Water Bottle,5.411928448518294,3.68011134499244,Home & Living
P388345,IKEA Dining Table,10.823856897036588,6.927268414103416,Home & Living
P345530,IKEA Dining Table,5.374604804045754,3.277015984689008,Home & Living
P632194,Biba Kurti,5.318619337336944,4.200776185384372,Women Fashion
P326260,Levi's Jeans,10.730547785855238,7.296772494381561,Men Fashion
P853825,H&M Top,5.318619337336944,4.148523083122816,Women Fashion
P912922,Harry Potter,3.545746224891296,3.1202566779043406,Books
P884518,Festival Gift Pack,3.545746224891296,2.7656820554152106,Soghaat
P264635,Johnson Baby Lotion,3.543880042667669,3.189305420178539,Kids & Baby
P540005,Adidas T-Shirt,1.8661822236269976,1.604916712319218,Men Fashion
P304481,Puma Sneakers,10.599915030201348,8.2671872506676,Men Fashion
P497940,Pampers Diapers,1.1663638897668738,0.7931274450414741,Kids & Baby
P635177,Levi's Jeans,10.469282274547458,7.11761900091337,Men Fashion
P958384,Festival Gift Pack,2.612655113077797,1.80273202802368,Soghaat
P709059,Johnson Baby Lotion,5.225310226155594,3.291945442478024,Kids & Baby
P535780,Luxury Chocolate Hamper,2.612655113077797,1.907238232546792,Soghaat
P113726,Johnson Baby Lotion,5.225310226155594,4.232501283186031,Kids & Baby
P203618,Biba Kurti,3.7304982650303686,3.0586726645246496,Women Fashion
P208294,Dell Inspiron Laptop,2.61078893085417,1.748612743538497,Computing
P214880,Milton Water Bottle,2.61078893085417,2.218890663892501,Home & Living
P769514,Pampers Diapers,5.215979315037459,3.388986918106628,Kids & Baby
P747406,Classmate Notebook,5.215979315037459,4.172783452029967,School & Education
P951813,Levi's Jeans,0.6512975960458223,0.4030953603034315,Men Fashion
P993271,Festival Gift Pack,0.7464728894507991,0.5971783115606393,Soghaat
P456121,Johnson Baby Lotion,3.450570931486319,2.691034766470131,Kids & Baby
P945920,Fortune Oil,12.130184453575486,8.97633649564586,Superstore
P373484,Classmate Notebook,5.132001114974244,3.181840691284032,School & Education
P289599,Biba Kurti,10.264002229948488,6.876881494065487,Women Fashion
P591789,Pampers Diapers,2.0528004459896976,1.3137922854334063,Kids & Baby
P969298,H&M Top,10.264002229948488,8.00592173935982,Women Fashion
P851255,Yonex Racket,5.132001114974244,3.23222761132196,Health & Sports
P983676,Levi's Jeans,10.26213604772486,6.772375289542375,Men Fashion
P118269,Pampers Diapers,2.8347307976894096,2.039737170424309,Kids & Baby
P346995,Pampers Diapers,5.048022914911029,3.482296029287978,Kids & Baby
P178536,Yonex Racket,5.038692003792894,4.182114363148102,Health & Sports
P138131,Yonex Racket,1.679564001264298,1.2596730009482235,Health & Sports
P890236,Nivea Face Wash,10.077384007585788,6.550299604930762,Beauty & Grooming
P636413,Levi's Jeans,5.036825821569267,3.172509780165897,Men Fashion
P128365,Milton Water Bottle,5.036825821569267,3.8779266606969016,Home & Living
P984334,HP Pavilion,3.357261820304969,2.3159321395211045,Computing
P708097,Pampers Diapers,5.029361092674759,3.821941193988092,Kids & Baby
P767594,H&M Top,10.053123638678638,7.640150023528929,Women Fashion
P435245,H&M Top,10.053123638678638,8.946477580067828,Women Fashion
P734377,Pampers Diapers,2.500684179660177,2.2244892105633816,Kids & Baby
P793938,Puma Sneakers,3.331135269174191,2.1647713794073176,Men Fashion
P222724,Generic Product,3.323670540279683,2.8571249843729336,Others
P669695,Johnson Baby Lotion,3.321804358056056,2.258080490588668,Kids & Baby
P258090,Milton Water Bottle,4.982706537084084,2.9896239222504506,Home & Living
P429085,Yonex Racket,9.93928652303739,8.9446113978442,Health & Sports
P515210,Generic Product,4.945382892611544,4.351936945498159,Others
P433768,Adidas T-Shirt,9.881434874104954,7.60842492572727,Men Fashion
P894360,Dell Inspiron Laptop,4.665455559067495,2.845927891031172,Computing
P133789,Johnson Baby Lotion,3.732364447253996,3.247157069110976,Kids & Baby
P658709,Asus Vivobook,0.6531637782694493,0.3918982669616696,Computing
P291178,Pampers Diapers,9.797456674041738,5.878474004425043,Kids & Baby
P182858,HP Pavilion,3.0792006689845466,2.586528561947019,Computing
P221302,Rich Dad Poor Dad,9.797456674041738,6.955261147457821,Books
P647071,Johnson Baby Lotion,4.876334150337345,2.972828282237808,Kids & Baby
P822858,Biba Kurti,4.852073781430194,3.444972384815438,Women Fashion
P724671,Generic Product,9.704147562860388,7.666276574659707,Others
P196930,Nike Air Max Shoes,9.704147562860388,8.24852542843133,Men Fashion
P462990,Generic Product,1.9408295125720776,1.3193908321042875,Others
P196668,Biba Kurti,4.852073781430194,3.9301797629584576,Women Fashion
P390553,Pampers Diapers,4.850207599206567,3.8312721051062266,Kids & Baby
P240010,Levi's Jeans,12.107790266891962,7.505784903427785,Men Fashion
P238203,Camlin Geometry Box,4.842742870312059,4.017890327468926,School & Education
P178697,Classmate Notebook,2.416705979596962,1.617979987884607,School & Education
P747058,Yonex Racket,3.219164335756571,2.735823139837179,Health & Sports
P567399,Camlin Geometry Box,1.604916712319218,1.3959043032729943,School & Education
P604177,Tata Salt,1.604916712319218,0.9629500273915308,Superstore
P481307,Luxury Chocolate Hamper,1.0506605919019998,0.912563107353602,Soghaat
P657668,Milton Water Bottle,2.388713246242557,1.9576251525847208,Home & Living
P923508,Adidas T-Shirt,4.758764670248844,3.6166611493891216,Men Fashion
P593051,Yonex Racket,4.758764670248844,4.092537616414006,Health & Sports
P239830,Pampers Diapers,4.758764670248844,3.853666291789751,Kids & Baby
P350176,IKEA Dining Table,3.1706435979422696,2.218890663892501,Home & Living
P608322,Cosco Football,4.344472216603651,3.1277214067988486,Health & Sports
P423359,Generic Product,3.1538479579296266,2.523078366343701,Others
P635777,Generic Product,3.1538479579296266,2.17596847274908,Others
P979100,Asus Vivobook,3.1426508645878646,2.2300877572342626,Computing
P568561,Nivea Face Wash,9.424220229316338,7.916344992625725,Beauty & Grooming
P273006,Biba Kurti,9.33091111813499,6.065092226787743,Women Fashion
P388115,H&M Top,9.33091111813499,5.971783115606393,Women Fashion
P576603,Yonex Racket,9.33091111813499,7.184801560963942,Health & Sports
P504431,IKEA Dining Table,4.665455559067495,3.405782558119271,Home & Living
P793834,IKEA Dining Table,2.3327277795337475,2.0528004459896976,Home & Living
P538428,Johnson Baby Lotion,4.665455559067495,3.0792006689845466,Kids & Baby
P144828,Nivea Face Wash,9.329044935911362,7.369553601103014,Beauty & Grooming
P720879,Pampers Diapers,4.663589376843868,3.310607264714294,Kids & Baby
P126964,Nike Air Max Shoes,4.663589376843868,4.057080154165093,Men Fashion
P902340,Milton Water Bottle,2.3308615973101205,1.5843887078593213,Home & Living
P888832,Maggi Noodles,3.107193402338952,2.577197650828884,Superstore
P784487,Nike Air Max Shoes,9.321580207016854,5.592948124210112,Men Fashion
P303831,Adidas T-Shirt,3.7304982650303686,3.0213490200521096,Men Fashion
P774208,Nike Air Max Shoes,9.321580207016854,6.804100387344034,Men Fashion
P431327,Nivea Face Wash,2.9840253755795696,2.1479757393946746,Beauty & Grooming
P915427,Generic Product,1.5451988811631543,1.1271740630707068,Others
P351936,Generic Product,3.0866653978790546,2.159172832736437,Others
P665615,Generic Product,9.258130011413536,6.479384680432936,Others
P373121,Biba Kurti,4.61880100347682,3.8797928429205286,Women Fashion
P831319,Johnson Baby Lotion,3.0792006689845466,2.062131357107833,Kids & Baby
P367646,HP Pavilion,3.0792006689845466,2.616387477525051,Computing
P280100,Adidas T-Shirt,0.1847520401390728,0.1324989378775168,Men Fashion
P337369,Zara Dress,9.23760200695364,6.096817324589402,Women Fashion
P373014,Generic Product,1.0264002229948488,0.6456990493749413,Others
P272667,H&M Top,7.390081605562911,5.023762546003878,Women Fashion
P580686,Johnson Baby Lotion,3.07733448676092,2.491353268542042,Kids & Baby
P646000,Fortune Oil,1.5731916145175593,0.9741471207332928,Superstore
P255190,Nivea Face Wash,9.14429289577229,5.852347453294265,Beauty & Grooming
P596373,IKEA Dining Table,4.572146447886145,3.383388371435747,Home & Living
P114549,Puma Sneakers,9.14429289577229,6.401005027040602,Men Fashion
P938289,Zara Dress,9.11256779797063,5.831819448834368,Women Fashion
P822880,H&M Top,4.549752261202621,3.6838437094396936,Women Fashion
P950245,IKEA Dining Table,2.286073223943073,1.9874840681627528,Home & Living
P683001,LG Refrigerator,3.0456093889592606,2.314065957297477,Appliances
P748889,Johnson Baby Lotion,3.0138842911576016,1.8680484058506248,Kids & Baby
P903738,Loreal Shampoo,8.985667406763994,6.828360756251185,Beauty & Grooming
P473268,Puma Sneakers,4.478837336704795,3.0903977623263086,Men Fashion
P513246,Cosco Football,2.2394186683523976,1.5675930678466783,Health & Sports
P317851,Tata Salt,2.2394186683523976,1.74674656131487,Superstore
P291020,IKEA Dining Table,4.478837336704795,3.179974509060405,Home & Living
P734223,Generic Product,2.9858915578031966,2.687302402022877,Others
P628801,Fortune Oil,1.959491334808348,1.703824370171449,Superstore
P634439,IKEA Dining Table,2.9840253755795696,2.506282726331058,Home & Living
P882424,Johnson Baby Lotion,4.46950642558666,3.172509780165897,Kids & Baby
P460667,Cosco Football,2.9765606466850616,1.9035058680995376,Health & Sports
P698415,Rich Dad Poor Dad,2.2300877572342626,1.4929457789015983,Books
P343851,Cosco Football,2.9672297355669266,2.61078893085417,Health & Sports
P317054,Johnson Baby Lotion,8.90168920670078,6.231182444690546,Kids & Baby
P185337,Adidas T-Shirt,1.771006930222021,1.4873472322307173,Men Fashion
P657057,Johnson Baby Lotion,0.979745667404174,0.7147477916491402,Kids & Baby
P858868,Zara Dress,9.76573157624008,8.104829397212052,Women Fashion
P880638,Tata Salt,1.2503420898300883,0.886436556222824,Superstore
P300808,H&M Top,8.73933135324523,6.815297480685796,Women Fashion
P378119,Biba Kurti,8.73933135324523,5.242105866168237,Women Fashion
P874421,Festival Gift Pack,0.7278110672145292,0.6401005027040603,Soghaat
P920155,Levi's Jeans,8.67774733986554,7.462862712284364,Men Fashion
P120192,Nivea Face Wash,2.8925824466218466,1.9949487970572608,Beauty & Grooming
P894676,Johnson Baby Lotion,2.89071626439822,2.2244892105633816,Kids & Baby
P419656,Johnson Baby Lotion,2.89071626439822,2.166637561630945,Kids & Baby
P735223,Festival Gift Pack,1.3249893787751683,1.1383711564124688,Soghaat
P913842,Milton Water Bottle,4.292219114342095,2.575331468605257,Home & Living
P504480,Johnson Baby Lotion,4.290352932118468,3.6465200649671536,Kids & Baby
P557143,Dell Inspiron Laptop,4.290352932118468,2.7880762420987346,Computing
P371536,Cosco Football,2.8477940732547986,2.390579428466184,Health & Sports
P606727,Maggi Noodles,0.0018661822236269,0.0,Superstore
P118382,Pampers Diapers,2.2394186683523976,1.4780163211125823,Kids & Baby
P824717,Pampers Diapers,8.49112911750284,7.302371041052442,Kids & Baby
P466252,Loreal Shampoo,10.823856897036588,8.983801224540368,Beauty & Grooming
P957127,Boat Earbuds,8.39782000632149,6.970190605246837,Entertainment
P817214,Nivea Face Wash,8.39782000632149,7.390081605562911,Beauty & Grooming
P507524,Generic Product,2.7992733354404966,2.295404135061208,Others
P130102,Cosco Football,2.7992733354404966,2.435367801833232,Health & Sports
P887401,Asus Vivobook,2.7992733354404966,2.295404135061208,Computing
P922502,Classmate Notebook,2.7992733354404966,1.707556734618703,School & Education
P692012,Johnson Baby Lotion,1.623578534555488,1.2484759076064615,Kids & Baby
P667382,Cosco Football,8.39782000632149,6.802234205120407,Health & Sports
P232333,Festival Gift Pack,1.2969966454207635,1.1271740630707068,Soghaat
P997731,IKEA Dining Table,2.7992733354404966,1.707556734618703,Home & Living
P832136,Loreal Shampoo,8.39782000632149,5.206648403919324,Beauty & Grooming
P876142,Fortune Oil,0.839782000632149,0.6456990493749413,Superstore
P206839,Cosco Football,2.7992733354404966,1.763542201327513,Health & Sports
P448337,Biba Kurti,4.198910003160745,2.644380210879456,Women Fashion
P616114,Nivea Face Wash,2.7974071532168696,2.0975888193567456,Beauty & Grooming
P816776,Camlin Geometry Box,1.8661822236269976,1.2316802675938183,School & Education
P576087,Dell Inspiron Laptop,2.7806115132042266,2.2244892105633816,Computing
P775556,Classmate Notebook,0.923760200695364,0.6643608716112113,School & Education
P526005,Loreal Shampoo,8.297046166245632,5.391400444058397,Beauty & Grooming
P946981,Asus Vivobook,9.14429289577229,7.315434316617831,Computing
P397101,Adidas T-Shirt,4.105600891979395,2.8739206243855766,Men Fashion
P493685,Loreal Shampoo,4.105600891979395,3.571872776022074,Beauty & Grooming
P274909,Pampers Diapers,1.772873112445648,1.5601283389521703,Kids & Baby
P784023,Milton Water Bottle,8.21120178395879,7.307969587723323,Home & Living
P773860,IKEA Dining Table,4.105600891979395,2.586528561947019,Home & Living
P501415,Harry Potter,2.0434695348715626,1.5526636100576623,Books
P504961,Nivea Face Wash,8.172011957262624,5.311154608442436,Beauty & Grooming
P924998,Nivea Face Wash,0.5411928448518294,0.4217571825397015,Beauty & Grooming
P406658,Johnson Baby Lotion,2.705964224259147,2.136778646052913,Kids & Baby
P870525,Nivea Face Wash,4.254895469869555,2.8496602554784256,Beauty & Grooming
P875628,Johnson Baby Lotion,1.3436512010114383,0.9405558407080068,Kids & Baby
P226599,Boat Earbuds,4.012291780798045,3.450570931486319,Entertainment
P396643,IKEA Dining Table,4.943516710387917,4.299683843236603,Home & Living
P728313,Classmate Notebook,2.668640579786607,1.707556734618703,School & Education
P841653,Bose Soundbar,2.659309668668472,1.8083305746945608,Entertainment
P983623,Festival Gift Pack,0.7931274450414741,0.5393266626282024,Soghaat
P953664,Milton Water Bottle,4.665455559067495,3.405782558119271,Home & Living
P139004,Biba Kurti,7.929408268191114,5.78703107546732,Women Fashion
P150168,H&M Top,7.929408268191114,5.628405586459025,Women Fashion
P236558,Pampers Diapers,8.47246729526657,7.369553601103014,Kids & Baby
P673419,Classmate Notebook,3.9376444918529656,3.543880042667669,School & Education
P913675,Pampers Diapers,0.821120178395879,0.6718256005057193,Kids & Baby
P433197,Nivea Face Wash,2.621986024195932,2.1498419216183016,Beauty & Grooming
P375957,Loreal Shampoo,1.3063275565388983,0.9928089429695628,Beauty & Grooming
P119010,Puma Sneakers,7.837965339233391,6.505511231563714,Men Fashion
P658321,Luxury Chocolate Hamper,1.3063275565388983,0.822986360619506,Soghaat
P545161,Generic Product,2.612655113077797,1.80273202802368,Others
P753274,Yonex Racket,1.3063275565388983,1.0450620452311188,Health & Sports
P504548,Levi's Jeans,7.837965339233391,6.740650191740716,Men Fashion
P780645,Pampers Diapers,7.836099157009764,5.171190941670411,Kids & Baby
P926685,Puma Sneakers,7.836099157009764,5.014431634885743,Men Fashion
P303489,Loreal Shampoo,3.9171164873930686,2.702231859811893,Beauty & Grooming
P208207,Maggi Noodles,1.4462912233109233,0.983478031851428,Superstore
P535316,Harry Potter,2.603324201959662,1.5619945211757973,Books
P760156,IKEA Dining Table,7.791310783642716,5.452984457438088,Home & Living
P855014,Rich Dad Poor Dad,1.2969966454207635,1.0879842363745398,Books
P152281,Johnson Baby Lotion,2.593993290841527,2.2300877572342626,Kids & Baby
P504367,Whirlpool Washing Machine,9.704147562860388,8.054442477174122,Appliances
P841453,H&M Top,7.763318050288311,5.89900200888494,Women Fashion
P641796,Festival Gift Pack,0.9704147562860388,0.6401005027040603,Soghaat
P970560,Puma Sneakers,3.8629972029078856,3.476697482617097,Men Fashion
P940817,Tata Salt,1.2876657343026283,1.0301325874421028,Superstore
P328069,Camlin Geometry Box,1.2876657343026283,0.964816209615158,School & Education
P774986,Puma Sneakers,7.698001672461366,5.850481271070638,Men Fashion
P196625,Pampers Diapers,7.632685294634421,4.96031235040056,Kids & Baby
P252396,Fortune Oil,3.1631788690477616,2.1498419216183016,Superstore
P574961,IKEA Dining Table,2.53614164190909,2.2300877572342626,Home & Living
P126994,Generic Product,3.7976808250809406,2.620119841972305,Others
P341007,Nivea Face Wash,2.519346001896447,1.9389633303484508,Beauty & Grooming
P744449,Pampers Diapers,2.519346001896447,1.98935025038638,Kids & Baby
P325520,Pampers Diapers,3.732364447253996,2.7619496909679566,Kids & Baby
P661637,Adidas T-Shirt,3.732364447253996,2.9485679133306566,Men Fashion
P211418,Yonex Racket,3.732364447253996,2.314065957297477,Health & Sports
P139556,Generic Product,0.1866182223626998,0.1679564001264298,Others
P909026,Yonex Racket,3.732364447253996,2.538007824132717,Health & Sports
P171477,Loreal Shampoo,1.8661822236269976,1.5862548900829485,Beauty & Grooming
P678603,Milton Water Bottle,3.732364447253996,3.0978624912208166,Home & Living
P181349,Festival Gift Pack,1.4929457789015983,1.2242155386993103,Soghaat
P153743,Milton Water Bottle,7.464728894507991,6.568961427167032,Home & Living
P480430,Johnson Baby Lotion,7.464728894507991,5.299957515100674,Kids & Baby
P659949,Yonex Racket,7.464728894507991,4.553484625649875,Health & Sports
P279098,Nike Air Max Shoes,7.462862712284364,6.044564222327846,Men Fashion
P592090,Nike Air Max Shoes,7.462862712284364,4.626265732371328,Men Fashion
P142308,Cosco Football,7.462862712284364,6.567095244943405,Health & Sports
P701151,Nike Air Max Shoes,7.462862712284364,4.999502177096727,Men Fashion
P339240,Dell Inspiron Laptop,3.7304982650303686,2.61078893085417,Computing
P419963,Nike Air Max Shoes,3.7304982650303686,2.42417070849147,Men Fashion
P460976,IKEA Dining Table,1.8643160414033708,1.4164323077328913,Home & Living
P200668,Asus Vivobook,1.8643160414033708,1.3417850187878115,Computing
P805677,Puma Sneakers,7.455397983389856,6.708925093939057,Men Fashion
P454528,Adidas T-Shirt,7.455397983389856,6.410335938158737,Men Fashion
P671598,Nike Air Max Shoes,7.455397983389856,6.708925093939057,Men Fashion
P551178,Classmate Notebook,3.7230335361358606,2.9784268289086886,School & Education
P353340,Festival Gift Pack,0.5318619337336944,0.3601731691600106,Soghaat
P647365,Pampers Diapers,3.7230335361358606,3.0512079356301416,Kids & Baby
P278903,Harry Potter,1.8568513125088628,1.595585801201083,Books
P808008,Generic Product,3.7137026250177256,2.338326326204628,Others
P131747,Yonex Racket,1.67209927236979,1.2857995520790015,Health & Sports
P203051,Generic Product,1.847520401390728,1.1085122408344368,Others
P272466,Johnson Baby Lotion,2.444698712951367,1.612381441213726,Kids & Baby
P181645,Generic Product,0.0,0.0,Others
P120552,Milton Water Bottle,7.306103405499696,5.551892115290318,Home & Living
P605824,Pampers Diapers,4.105600891979395,3.489760758182486,Kids & Baby
P544919,Johnson Baby Lotion,2.426036890715097,1.5284032411505113,Kids & Baby
P253053,Cosco Football,3.6390553360726456,2.218890663892501,Health & Sports
P504603,HP Pavilion,3.637189153849018,2.7992733354404966,Computing
P993535,Puma Sneakers,3.629724424954511,2.539874006356344,Men Fashion
P564521,Pampers Diapers,7.259448849909021,5.878474004425043,Kids & Baby
P655376,Classmate Notebook,2.401776521807946,1.944561877019332,School & Education
P210130,Cosco Football,3.601731691600106,3.1687774157186426,Health & Sports
P194795,Festival Gift Pack,0.1026400222994848,0.0839782000632149,Soghaat
P759375,Generic Product,7.184801560963942,4.454576967797644,Others
P674474,Pampers Diapers,2.384141099794671,2.049068081542444,Kids & Baby
P262191,Nike Air Max Shoes,3.564408047127566,2.672372944233861,Men Fashion
P403582,Pampers Diapers,7.110154272018862,6.255442813597697,Kids & Baby
P803798,Tata Salt,3.6390553360726456,2.655577304221218,Superstore
P647916,Milton Water Bottle,2.681703855351996,1.9837517037154988,Home & Living
P387820,Pampers Diapers,3.536415313773161,2.793674788769616,Kids & Baby
P505022,Classmate Notebook,3.536415313773161,2.687302402022877,School & Education
P736839,Pampers Diapers,3.536415313773161,2.898180993292728,Kids & Baby
P870079,Loreal Shampoo,7.070964445322695,4.807285408063146,Beauty & Grooming
P944816,Luxury Chocolate Hamper,0.3918982669616696,0.2649978757550337,Soghaat
P673102,H&M Top,7.044837894191917,6.268506089163086,Women Fashion
P880259,Generic Product,3.508422580418756,3.0157504733812286,Others
P222416,Nivea Face Wash,7.931274450414741,5.869143093306908,Beauty & Grooming
P118952,Johnson Baby Lotion,1.1663638897668738,0.6998183338601242,Kids & Baby
P380619,Rich Dad Poor Dad,3.499091669300621,2.203961206103485,Books
P980218,Biba Kurti,6.998183338601242,6.018437671197068,Women Fashion
P768811,Loreal Shampoo,6.979521516364972,5.372738621822127,Beauty & Grooming
P826609,Loreal Shampoo,6.979521516364972,4.325810394367381,Beauty & Grooming
P408411,Haier AC,3.377789824764866,3.0045533800394666,Appliances
P165479,Dell Inspiron Laptop,3.463634207051708,2.1125182771457616,Computing
P950153,Generic Product,3.452437113709946,2.692900948693758,Others
P873191,Johnson Baby Lotion,1.1477020675306038,0.7222125205436482,Kids & Baby
P505346,HP Pavilion,0.6886212405183623,0.4329542758814635,Computing
P343031,Tata Salt,0.7558038005689341,0.5057353826029164,Superstore
P851545,HP Pavilion,2.0901240904622376,1.629177081226369,Computing
P204422,Tata Salt,2.8123366110058856,1.8829778636396408,Superstore
P400485,Nivea Face Wash,6.740650191740716,5.661996866484311,Beauty & Grooming
P987096,Loreal Shampoo,6.718256005057192,4.501231523388319,Beauty & Grooming
P247190,IKEA Dining Table,6.718256005057192,4.837144323641178,Home & Living
P417101,Milton Water Bottle,3.359128002528596,2.452163441845875,Home & Living
P766364,Yonex Racket,2.2394186683523976,1.9706884281501096,Health & Sports
P894365,Festival Gift Pack,2.2394186683523976,1.701958187947822,Soghaat
P505269,Johnson Baby Lotion,0.839782000632149,0.7296772494381562,Kids & Baby
P520897,Fortune Oil,2.2394186683523976,1.8139291213654416,Superstore
P298075,Cosco Football,1.679564001264298,1.1421035208597228,Health & Sports
P139995,Milton Water Bottle,3.357261820304969,2.416705979596962,Home & Living
P624973,Nivea Face Wash,2.388713246242557,1.5041428722433603,Beauty & Grooming
P741594,Fortune Oil,2.2375524861287706,1.8568513125088628,Superstore
P993366,Dell Inspiron Laptop,2.2375524861287706,1.789668752458291,Computing
P588707,Rich Dad Poor Dad,1.8568513125088628,1.5022766900197333,Books
P476745,Camlin Geometry Box,1.670233090146163,1.1010475119399288,School & Education
P724596,IKEA Dining Table,3.338599998068699,2.53614164190909,Home & Living
P605612,Generic Product,6.671601449466517,5.871009275530535,Others
P772306,H&M Top,6.624946893875842,5.630271768682652,Women Fashion
P352729,Generic Product,3.293811624701651,2.830998433242156,Mobiles & Tablets
P570963,Maggi Noodles,2.1927641127617226,1.599318165648337,Superstore
P498904,IKEA Dining Table,7.278110672145291,4.876334150337345,Home & Living
P704808,Camlin Geometry Box,0.6531637782694493,0.4049615425270585,School & Education
P608109,Loreal Shampoo,5.551892115290318,3.94137685630022,Beauty & Grooming
P708827,Nike Air Max Shoes,6.531637782694492,4.24556455875142,Men Fashion
P919011,Pampers Diapers,6.531637782694492,5.355942981809484,Kids & Baby
P649274,Yonex Racket,6.531637782694492,3.918982669616696,Health & Sports
P707471,IKEA Dining Table,6.531637782694492,4.049615425270585,Home & Living
P767008,H&M Top,6.531637782694492,5.878474004425043,Women Fashion
P760722,Loreal Shampoo,3.732364447253996,3.1351861356933566,Beauty & Grooming
P666155,Yonex Racket,12.130184453575486,10.189354941003408,Health & Sports
P747811,Nike Air Max Shoes,6.529771600470865,4.504963887835573,Men Fashion
P276191,Cosco Football,6.529771600470865,4.766229399143352,Health & Sports
P985828,Levi's Jeans,6.526972327135425,5.546293568619437,Men Fashion
P381119,Adidas T-Shirt,6.526972327135425,4.503097705611946,Men Fashion
P770323,Puma Sneakers,7.455397983389856,6.037099493433338,Men Fashion
P484258,Classmate Notebook,6.505511231563714,4.682251199080137,School & Education
P506488,Asus Vivobook,3.247157069110976,2.62945075309044,Computing
P726676,Camlin Geometry Box,1.623578534555488,1.3791086632603515,School & Education
P582672,Loreal Shampoo,2.146109557171048,1.8661822236269976,Beauty & Grooming
P394827,Adidas T-Shirt,6.438328671513142,5.279429510640777,Men Fashion
P122842,Pampers Diapers,6.438328671513142,5.729179426534883,Kids & Baby
P612729,Pampers Diapers,6.438328671513142,5.729179426534883,Kids & Baby
P187817,Johnson Baby Lotion,2.144243374947421,1.4145661255092643,Kids & Baby
P361129,Fortune Oil,1.782204023563783,1.4612206810999393,Superstore
P420026,Biba Kurti,3.200502513520301,2.560402010816241,Women Fashion
P240431,Tata Salt,2.1274477349347776,1.4238970366273993,Superstore
P485201,Camlin Geometry Box,3.191171602402166,2.42417070849147,School & Education
P942856,IKEA Dining Table,2.1274477349347776,1.4033690321675023,Home & Living
P970355,Classmate Notebook,6.074423137905878,4.980840354860457,School & Education
P230156,Asus Vivobook,6.262907542492205,5.197317492801189,Computing
P810561,Camlin Geometry Box,3.1631788690477616,2.435367801833232,School & Education
P329329,Adidas T-Shirt,6.326357738095523,3.7958146428573136,Men Fashion
P702147,Biba Kurti,6.317026826977388,4.35753549216904,Women Fashion
P556615,Generic Product,3.1538479579296266,2.711562770930028,Others
P777907,Festival Gift Pack,1.4929457789015983,1.1495682497542308,Soghaat
P179835,Fortune Oil,2.071462268225968,1.5116076011378683,Superstore
P175191,Fortune Oil,3.107193402338952,2.049068081542444,Superstore
P879344,Cosco Football,6.214386804677903,4.350070763274532,Health & Sports
P176799,Classmate Notebook,3.1066335476718634,2.2972703172848346,School & Education
P929795,Johnson Baby Lotion,6.205055893559768,5.148796754986887,Kids & Baby
P711450,Generic Product,1.5451988811631543,0.972280938509666,Others
P732481,Loreal Shampoo,3.0792006689845466,1.9091044147704188,Beauty & Grooming
P612684,Adidas T-Shirt,6.158401337969093,4.126128896439292,Men Fashion
P639901,IKEA Dining Table,3.0792006689845466,2.093856454909492,Home & Living
P410461,Festival Gift Pack,2.0528004459896976,1.4369603121927883,Soghaat
P961238,Cosco Football,5.953121293370123,4.643061372383971,Health & Sports
P286058,Nike Air Max Shoes,2.0509342637660706,1.8456542191671008,Men Fashion
P318683,Johnson Baby Lotion,4.852073781430194,4.075741976401363,Kids & Baby
P770531,Nike Air Max Shoes,6.149070426850958,3.749160087266639,Men Fashion
P473422,Camlin Geometry Box,0.923760200695364,0.802458356159609,School & Education
P387555,Generic Product,6.102415871260283,5.064818554923672,Others
P140312,Generic Product,1.632909445673623,1.4686854099944473,Others
P540957,Generic Product,2.0173429837407846,1.3100599209861523,Others
P506674,HP Pavilion,2.0061458903990226,1.5433326989395273,Computing
P124587,H&M Top,5.988578755619036,4.072009611954109,Women Fashion
P225723,IKEA Dining Table,5.971783115606393,5.135733479421498,Home & Living
P209077,Levi's Jeans,5.971783115606393,4.598272999016923,Men Fashion
P149741,Milton Water Bottle,1.4929457789015983,1.0002736718640708,Home & Living
P319066,Adidas T-Shirt,5.971783115606393,4.657990830172987,Men Fashion
P810552,Milton Water Bottle,5.971783115606393,4.538555167860859,Home & Living
P554192,Levi's Jeans,5.971783115606393,4.657990830172987,Men Fashion
P577211,Pampers Diapers,1.4929457789015983,1.0301325874421028,Kids & Baby
P948303,Tata Salt,3.732364447253996,3.0232152022757366,Superstore
P133089,Nike Air Max Shoes,5.969916933382766,4.297817661012976,Men Fashion
P846012,Nivea Face Wash,2.9840253755795696,2.68543621979925,Beauty & Grooming
P505293,Johnson Baby Lotion,1.4910795966779713,1.2223493564756835,Kids & Baby
P616386,Cosco Football,5.953121293370123,3.749160087266639,Health & Sports
P447157,Classmate Notebook,5.883512696428836,4.94165052816429,School & Education
P672852,Classmate Notebook,5.883512696428836,4.471372607810287,School & Education
P709147,Classmate Notebook,1.959491334808348,1.1756948008850086,School & Education
P505247,Whirlpool Washing Machine,1.847520401390728,1.3473835654586923,Appliances
P304302,Camlin Geometry Box,1.959491334808348,1.5284032411505113,School & Education
P529372,Festival Gift Pack,0.3918982669616696,0.3247157069110976,Soghaat
P844198,Milton Water Bottle,5.878474004425043,3.584936051587463,Home & Living
P579281,IKEA Dining Table,6.904874227419892,5.316753155113317,Home & Living
P626363,Loreal Shampoo,5.829953266610741,3.555077136009431,Beauty & Grooming
P706502,Camlin Geometry Box,0.9704147562860388,0.6307695915859253,School & Education
P806951,Nike Air Max Shoes,5.790763439914574,4.516160981177335,Men Fashion
P559130,Cosco Football,2.8925824466218466,2.342058690651882,Health & Sports
P199375,Zara Dress,2.8925824466218466,1.9091044147704188,Women Fashion
P297170,Milton Water Bottle,5.785164893243693,4.801686861392265,Home & Living
P829067,Fortune Oil,3.0978624912208166,2.694767130917385,Superstore
P523149,Loreal Shampoo,1.9259000547830616,1.731817103525854,Beauty & Grooming
P308596,Cosco Football,2.883251535503712,2.3066012284029696,Health & Sports
P289460,Generic Product,2.8477940732547986,2.504416544107431,Others
P363127,Johnson Baby Lotion,0.830451089514014,0.5225310226155594,Kids & Baby
P266281,Festival Gift Pack,1.3996366677202483,0.895767467340959,Soghaat
P254865,Levi's Jeans,5.598546670880993,3.359128002528596,Men Fashion
P771502,Levi's Jeans,5.598546670880993,4.870735603666464,Men Fashion
P858902,Milton Water Bottle,2.7992733354404966,2.407375068478827,Home & Living
P284073,Pampers Diapers,2.7992733354404966,1.8195276680363228,Kids & Baby
P595078,Nike Air Max Shoes,5.598546670880993,4.086939069743125,Men Fashion
P881832,H&M Top,6.531637782694492,4.37619731440531,Women Fashion
P813931,Yonex Racket,2.7992733354404966,2.0154768015171576,Health & Sports
P213255,Festival Gift Pack,2.7992733354404966,1.9035058680995376,Soghaat
P999277,IKEA Dining Table,2.7992733354404966,2.435367801833232,Home & Living
P390266,Generic Product,0.9330911118134988,0.7744656228052041,Others
P485365,Generic Product,1.8661822236269976,1.4742839566653283,Others
P324903,Milton Water Bottle,1.8661822236269976,1.1756948008850086,Home & Living
P242563,Nivea Face Wash,5.596680488657366,3.357261820304969,Beauty & Grooming
P244817,Adidas T-Shirt,5.596680488657366,4.532956621189978,Men Fashion
P719734,Adidas T-Shirt,5.596680488657366,4.197043820937118,Men Fashion
P485064,Puma Sneakers,5.596680488657366,4.420985687772358,Men Fashion
P783271,Adidas T-Shirt,5.596680488657366,4.756898488025217,Men Fashion
P148209,Adidas T-Shirt,5.596680488657366,4.924854888151647,Men Fashion
P267733,Nike Air Max Shoes,2.7974071532168696,2.153574286065556,Men Fashion
P979363,Nike Air Max Shoes,2.7974071532168696,2.489487086318415,Men Fashion
P163157,Nivea Face Wash,2.7974071532168696,2.2375524861287706,Beauty & Grooming
P587114,Nike Air Max Shoes,2.7974071532168696,2.0975888193567456,Men Fashion
P658437,Yonex Racket,1.8643160414033708,1.5097414189142413,Health & Sports
P253188,Boat Earbuds,1.8643160414033708,1.4350941299691613,Entertainment
P422424,Generic Product,1.8643160414033708,1.5284032411505113,Others
P282451,Loreal Shampoo,1.8643160414033708,1.2298140853701915,Beauty & Grooming
P602409,Nike Air Max Shoes,5.589215759762858,4.359401674392667,Men Fashion
P655338,Yonex Racket,5.579884848644723,4.295951478789349,Health & Sports
P503720,Yonex Racket,2.7899424243223616,2.286073223943073,Health & Sports
P607459,Yonex Racket,5.579884848644723,3.570006593798447,Health & Sports
P599552,Rich Dad Poor Dad,1.8568513125088628,1.2428773609355803,Books
P549870,Harry Potter,1.8568513125088628,1.632909445673623,Books
P785410,Atomic Habits,1.8568513125088628,1.614247623437353,Books
P672819,Atomic Habits,1.8568513125088628,1.3175246498806603,Books
P798444,Pampers Diapers,1.8543319665069664,1.4817486855598363,Kids & Baby
P147997,Rich Dad Poor Dad,1.1103784230580638,0.7875288983705931,Books
P172630,Milton Water Bottle,5.551892115290318,3.7752866383974166,Home & Living
P629047,HP Pavilion,2.771280602086092,2.189031748314469,Computing
P534798,Asus Vivobook,5.542561204172183,3.657717158308916,Computing
P639145,Camlin Geometry Box,5.788897257690947,3.53081676710228,School & Education
P419348,Classmate Notebook,1.959491334808348,1.5284032411505113,School & Education
P813351,Camlin Geometry Box,1.8288585791544576,1.2428773609355803,School & Education
P508629,Fortune Oil,2.1274477349347776,1.61611380566098,Superstore
P573739,Nivea Face Wash,2.733956957613552,2.377516152900795,Beauty & Grooming
P680404,Loreal Shampoo,4.60013918124055,2.76008350874433,Beauty & Grooming
P298754,Harry Potter,2.705964224259147,1.9203015081121808,Books
P835764,IKEA Dining Table,2.705964224259147,2.190897930538096,Home & Living
P830153,Classmate Notebook,0.895767467340959,0.6270372271386713,School & Education
P786303,Cosco Football,5.365273892927619,4.5068300700592,Health & Sports
P446234,Milton Water Bottle,6.2349148091378,5.548159750843064,Home & Living
P780450,Asus Vivobook,2.612655113077797,2.011744437069904,Computing
P993153,Cosco Football,1.0450620452311188,0.824852542843133,Health & Sports
P510251,Zara Dress,5.225310226155594,4.598272999016923,Women Fashion
P832721,IKEA Dining Table,2.612655113077797,1.698225823500568,Home & Living
P924730,Luxury Chocolate Hamper,2.612655113077797,2.1423771927237936,Soghaat
P830436,Generic Product,5.22157786170834,4.228768918738777,Others
P944819,Loreal Shampoo,2.61078893085417,1.722486192407719,Beauty & Grooming
P623284,Asus Vivobook,1.8643160414033708,1.5097414189142413,Computing
P636330,Pampers Diapers,5.219711679484713,3.495359304853367,Kids & Baby
P367699,Camlin Geometry Box,2.603324201959662,1.847520401390728,School & Education
P206488,Luxury Chocolate Hamper,0.5411928448518294,0.3620393513836376,Soghaat
P551831,IKEA Dining Table,0.931224929589872,0.6046430404551473,Home & Living
P293298,Camlin Geometry Box,5.189852763906681,4.098136163084887,School & Education
P243136,Pampers Diapers,2.584662379723392,1.8344571258253388,Kids & Baby
P460079,Adidas T-Shirt,5.159993848328649,3.403916375895644,Men Fashion
P594075,Generic Product,5.150662937210514,3.500957851524248,Others
P222999,Generic Product,1.3735101165894703,0.987210396298682,Others
P449430,IKEA Dining Table,2.575331468605257,1.724352374631346,Home & Living
P960973,Generic Product,1.716887645736838,1.1159769697289448,Others
P444930,Yonex Racket,5.141332026092379,3.084799215655428,Health & Sports
P466910,H&M Top,2.566000557487122,2.2823408594958186,Women Fashion
P811364,Biba Kurti,4.363134038839921,2.7918086065459886,Women Fashion
P320550,Cosco Football,5.132001114974244,3.129587589022476,Health & Sports
P100885,Nivea Face Wash,2.564134375263495,1.716887645736838,Beauty & Grooming
P635238,Zara Dress,5.068550919370926,3.497225487076994,Women Fashion
P170099,Pampers Diapers,1.688894912382433,1.5190723300323763,Kids & Baby
P830684,Generic Product,2.7992733354404966,2.0434695348715626,Others
P565126,HP Pavilion,2.519346001896447,1.787802570234664,Computing
P577811,Festival Gift Pack,5.038692003792894,3.476697482617097,Soghaat
P766552,Loreal Shampoo,4.758764670248844,2.9019133577399816,Beauty & Grooming
P364174,Classmate Notebook,5.038692003792894,3.1239890423515946,School & Education
P102799,Pampers Diapers,5.036825821569267,4.43218278111412,Kids & Baby
P783124,IKEA Dining Table,5.036825821569267,4.331408941038262,Home & Living
P963407,Cosco Football,2.51747981967282,1.8867102280868948,Health & Sports
P188145,Generic Product,5.020030181556624,3.7137026250177256,Others
P586206,Generic Product,2.108785912698508,1.4332279477455343,Others
P583575,Adidas T-Shirt,2.506282726331058,1.8531189480616088,Men Fashion
P519141,Festival Gift Pack,1.2522082720537155,0.813655449501371,Soghaat
P622895,Dell Inspiron Laptop,2.500684179660177,1.9240338725594348,Computing
P745476,Fortune Oil,1.595585801201083,1.0991813297163018,Superstore
P776156,Milton Water Bottle,5.897135826661313,3.596133144929225,Home & Living
P944148,Pampers Diapers,2.482022357423907,1.687028730158806,Kids & Baby
P467447,Cosco Football,2.0080120726226496,1.2634053653954775,Health & Sports
P464439,Milton Water Bottle,1.631043263449996,1.4182984899565183,Home & Living
P285305,Nivea Face Wash,1.3996366677202483,0.895767467340959,Beauty & Grooming
P502773,Nike Air Max Shoes,4.852073781430194,3.347930909186834,Men Fashion
P433571,Nivea Face Wash,4.852073781430194,3.49349312262974,Beauty & Grooming
P349637,Festival Gift Pack,2.426036890715097,1.98935025038638,Soghaat
P258482,Generic Product,1.2130184453575483,0.849112911750284,Others
P948350,Milton Water Bottle,4.850207599206567,3.0064195622630936,Home & Living
P840906,IKEA Dining Table,4.850207599206567,3.1034610378916976,Home & Living
P127173,Cosco Football,2.3327277795337475,1.748612743538497,Health & Sports
P890500,Atomic Habits,4.842742870312059,3.777152820621044,Books
P778308,Cosco Football,4.833411959193924,4.204508549831626,Health & Sports
P298557,Loreal Shampoo,0.5971783115606393,0.3751026269490266,Beauty & Grooming
P665975,Loreal Shampoo,2.388713246242557,1.9333647836775696,Beauty & Grooming
P668591,Pampers Diapers,0.839782000632149,0.5113339292737974,Kids & Baby
P895957,Nike Air Max Shoes,4.758764670248844,3.711836442794098,Men Fashion
P415879,Nivea Face Wash,5.589215759762858,4.191445274266237,Beauty & Grooming
P505615,Generic Product,2.373783788453541,1.5414665167159003,Others
P173123,Camlin Geometry Box,1.5806563434120673,1.1682300719905006,School & Education
P832444,Yonex Racket,4.727039572447185,3.0717359400900386,Health & Sports
P122707,Camlin Geometry Box,4.712110114658169,2.920575179976252,School & Education
P779511,Biba Kurti,4.665455559067495,3.1258552245752216,Women Fashion
P386455,IKEA Dining Table,0.5878474004425043,0.3993629958561775,Home & Living
P206865,Asus Vivobook,4.702779203540034,4.044016878599704,Computing
P954492,Loreal Shampoo,4.68038501685651,3.603597873823733,Beauty & Grooming
P994608,Nivea Face Wash,4.669187923514749,3.594266962705598,Beauty & Grooming
P243305,Yonex Racket,2.3327277795337475,1.632909445673623,Health & Sports
P551274,Yonex Racket,4.665455559067495,3.312473446937921,Health & Sports
P263754,Yonex Racket,4.665455559067495,3.918982669616696,Health & Sports
P597694,Yonex Racket,4.665455559067495,2.9858915578031966,Health & Sports
P733948,Generic Product,2.3327277795337475,1.4220308544037723,Others
P504443,Nivea Face Wash,2.3327277795337475,2.0751946326732216,Beauty & Grooming
P669089,Generic Product,0.9330911118134988,0.6624946893875843,Others
P589410,Harry Potter,4.65612464794936,4.00296086967991,Books
P107804,Generic Product,1.4089675788383833,0.90136601401184,Others
P200699,Classmate Notebook,6.550299604930762,4.977107990413203,School & Education
P741881,Bose Soundbar,2.286073223943073,1.782204023563783,Entertainment
P441667,Atomic Habits,4.572146447886145,2.743287868731687,Books
P710972,Classmate Notebook,0.923760200695364,0.7837965339233391,School & Education
P642572,Pampers Diapers,4.532956621189978,4.079474340848617,Kids & Baby
P836472,IKEA Dining Table,2.258080490588668,1.9856178859391256,Home & Living
P531509,Cosco Football,2.2394186683523976,1.679564001264298,Health & Sports
P615379,Milton Water Bottle,2.2394186683523976,1.3436512010114383,Home & Living
P278234,Luxury Chocolate Hamper,2.2394186683523976,1.657169814580774,Soghaat
P161861,Classmate Notebook,0.7464728894507991,0.4478837336704795,School & Education
P846345,Cosco Football,2.2394186683523976,1.679564001264298,Health & Sports
P716208,Fortune Oil,1.4929457789015983,1.0152031296530868,Superstore
P214036,Yonex Racket,0.9517529340497688,0.798725991712355,Health & Sports
P872646,Harry Potter,2.2394186683523976,1.612381441213726,Books
P647494,Generic Product,4.478837336704795,3.672646616097932,Others
P291272,Luxury Chocolate Hamper,2.2394186683523976,1.5004105077961063,Soghaat
P811276,Cosco Football,4.476971154481168,3.7603571806084006,Health & Sports
P352166,Nike Air Max Shoes,2.2375524861287706,1.789668752458291,Men Fashion
P914565,Puma Sneakers,2.2375524861287706,1.4761501388889553,Men Fashion
P127774,Johnson Baby Lotion,2.2375524861287706,1.9912164326100068,Kids & Baby
P552489,Classmate Notebook,1.4910795966779713,1.3119261032097795,School & Education
P408318,Camlin Geometry Box,1.4910795966779713,1.2671377298427315,School & Education
P711491,Classmate Notebook,1.4910795966779713,1.1924904408976515,School & Education
P214180,IKEA Dining Table,1.1178431519525718,0.82671872506676,Home & Living
P779616,Yonex Racket,1.1178431519525718,1.0058722185349518,Health & Sports
P996217,Nivea Face Wash,0.6531637782694493,0.5020030181556624,Beauty & Grooming
P566063,Cosco Football,4.014157963021672,2.487620904094788,Health & Sports
P822670,Atomic Habits,2.2300877572342626,1.9613575170319748,Books
P646356,Harry Potter,2.2300877572342626,1.761676019103886,Books
P678028,Atomic Habits,2.2300877572342626,1.8941749569814028,Books
P934423,Rich Dad Poor Dad,1.4836148677834633,1.0226678585475948,Books
P673195,Harry Potter,1.4836148677834633,1.0674562319146428,Books
P682816,Pampers Diapers,1.4836148677834633,1.1421035208597228,Kids & Baby
P298920,Harry Potter,1.4836148677834633,1.1271740630707068,Books
P456956,Rich Dad Poor Dad,1.4836148677834633,1.0226678585475948,Books
P476236,Classmate Notebook,1.1103784230580638,0.942422022931634,School & Education
P941983,Atomic Habits,1.1103784230580638,0.998407489640444,Books
P989166,Generic Product,1.4780163211125823,1.1663638897668738,Others
P738317,IKEA Dining Table,2.211425934997993,1.701958187947822,Home & Living
P982606,Johnson Baby Lotion,0.821120178395879,0.6811565116238543,Kids & Baby
P233456,Generic Product,2.2020950238798576,1.937097148124824,Others
P759769,Camlin Geometry Box,0.1567593067846678,0.1026400222994848,School & Education
P744459,Classmate Notebook,2.1927641127617226,1.4238970366273993,School & Education
P262095,Nivea Face Wash,1.4556221344290583,1.2652715476191043,Beauty & Grooming
P443670,Camlin Geometry Box,1.4556221344290583,1.2074198986866675,School & Education
P345015,Generic Product,1.4462912233109233,1.0264002229948488,Others
P814106,Dell Inspiron Laptop,1.4462912233109233,1.1700962542141276,Computing
P505354,Pampers Diapers,2.1647713794073176,1.5358679700450193,Kids & Baby
P854868,Pampers Diapers,4.292219114342095,2.875786806609204,Kids & Baby
P285854,Puma Sneakers,4.292219114342095,2.747020233178941,Men Fashion
P662843,Yonex Racket,4.290352932118468,3.0885315801026816,Health & Sports
P362878,Pampers Diapers,5.215979315037459,3.129587589022476,Kids & Baby
P590494,Classmate Notebook,4.28288820322396,3.04001084228838,School & Education
P751255,Loreal Shampoo,4.267958745434944,3.243424704663722,Beauty & Grooming
P185039,Nike Air Max Shoes,4.26422638098769,3.411381104790152,Men Fashion
P828976,Zara Dress,4.24556455875142,3.353529455857715,Women Fashion
P336081,Milton Water Bottle,1.800865845800053,1.2055537164630403,Home & Living
P613497,Camlin Geometry Box,1.3996366677202483,0.908830742906348,School & Education
P322230,IKEA Dining Table,4.198910003160745,2.9392370022125216,Home & Living
P285257,IKEA Dining Table,4.198910003160745,3.6110626027182406,Home & Living
P619315,Nivea Face Wash,1.3996366677202483,1.2036875342394135,Beauty & Grooming
P908466,Luxury Chocolate Hamper,1.0357311341129838,0.806190720606863,Soghaat
P890273,Classmate Notebook,1.3809748454839783,1.0357311341129838,School & Education
P955365,Classmate Notebook,2.0653038668879984,1.8157953035890688,School & Education
P151403,Classmate Notebook,1.0264002229948488,0.862176187315673,School & Education
P647894,Nike Air Max Shoes,4.09626998086126,2.8664558954910686,Men Fashion
P709592,Johnson Baby Lotion,4.094403798637633,2.455895806293129,Kids & Baby
P166364,Classmate Notebook,2.0434695348715626,1.694493459053314,School & Education
P911055,Rich Dad Poor Dad,2.0434695348715626,1.5321356055977653,Books
P189686,Classmate Notebook,2.034138623753428,1.5657268856230513,School & Education
P161287,Classmate Notebook,4.05894633638872,3.6110626027182406,School & Education
P741554,Camlin Geometry Box,1.3436512010114383,1.1010475119399288,School & Education
P833201,Johnson Baby Lotion,1.0058722185349518,0.884570373999197,Kids & Baby
P937474,Johnson Baby Lotion,4.00296086967991,2.601458019736035,Kids & Baby
P569750,IKEA Dining Table,1.9837517037154988,1.645972721239012,Home & Living
P461945,LG Refrigerator,1.604916712319218,1.1066460586108098,Appliances
P187673,Generic Product,3.9656372252073706,2.8142027932295126,Others
P303031,Nivea Face Wash,3.918982669616696,3.174375962389524,Beauty & Grooming
P902817,Generic Product,2.2394186683523976,1.9035058680995376,Others
P564642,Pampers Diapers,1.3044613743152715,0.9517529340497688,Kids & Baby
P757605,Asus Vivobook,1.9501604236902128,1.4033690321675023,Computing
P570039,Nivea Face Wash,3.9003208473804256,2.612655113077797,Beauty & Grooming
P851365,Harry Potter,1.2969966454207635,0.854711458421165,Books
P592155,Harry Potter,1.2969966454207635,0.802458356159609,Books
P233771,Classmate Notebook,1.2969966454207635,0.880838009551943,School & Education
P346082,Loreal Shampoo,3.8629972029078856,3.166911233495016,Beauty & Grooming
P735120,Puma Sneakers,3.8629972029078856,3.398317829224763,Men Fashion
P213100,Yonex Racket,1.2876657343026283,0.796859809488728,Health & Sports
P751686,Camlin Geometry Box,1.2876657343026283,0.90136601401184,School & Education
P642461,Luxury Chocolate Hamper,1.3063275565388983,0.9405558407080068,Soghaat
P414925,IKEA Dining Table,3.8256735584353456,3.137052317916984,Home & Living
P997381,Camlin Geometry Box,1.9091044147704188,1.640374174568131,School & Education
P924152,Loreal Shampoo,5.710517604298613,3.540147678220415,Beauty & Grooming
P458850,Generic Product,3.7976808250809406,2.9224413621998786,Others
P794982,Dell Inspiron Laptop,1.2223493564756835,0.964816209615158,Computing
P412505,Tata Salt,1.2503420898300883,1.0114707652058328,Superstore
P562975,Yonex Racket,3.732364447253996,3.0978624912208166,Health & Sports
P162071,Nivea Face Wash,3.732364447253996,2.7992733354404966,Beauty & Grooming
P224644,Festival Gift Pack,3.732364447253996,3.284480713583516,Soghaat
P459590,Generic Product,3.732364447253996,2.9485679133306566,Others
P769270,Milton Water Bottle,3.732364447253996,2.8739206243855766,Home & Living
P469663,Atomic Habits,0.7464728894507991,0.5076015648265434,Books
P400001,Pampers Diapers,0.9330911118134988,0.821120178395879,Kids & Baby
P878538,Milton Water Bottle,1.8661822236269976,1.4369603121927883,Home & Living
P344716,Luxury Chocolate Hamper,1.8661822236269976,1.5489312456104083,Soghaat
P594416,Generic Product,0.6345019560331793,0.5262633870628134,Others
P201285,Classmate Notebook,1.8661822236269976,1.5302694233741383,School & Education
P489354,Maggi Noodles,1.3044613743152715,0.847246729526657,Superstore
P601912,Levi's Jeans,3.7304982650303686,2.2375524861287706,Men Fashion
P910168,Johnson Baby Lotion,3.7304982650303686,2.68543621979925,Kids & Baby
P946362,Yonex Racket,4.103734709755768,2.830998433242156,Health & Sports
P103718,HP Pavilion,3.7304982650303686,2.76008350874433,Computing
P998410,Generic Product,1.862449859179744,1.4892134144543443,Others
P279933,Classmate Notebook,0.6512975960458223,0.4945382892611544,School & Education
P526609,Milton Water Bottle,3.7230335361358606,2.9037795399636086,Home & Living
P521278,Camlin Geometry Box,3.7230335361358606,2.642514028655829,School & Education
P879236,Pampers Diapers,3.7230335361358606,2.754484962073449,Kids & Baby
P303694,Johnson Baby Lotion,1.2391449964883263,0.9405558407080068,Kids & Baby
P766401,Tata Salt,0.4646793736831224,0.2817935157676767,Superstore
P474128,Atomic Habits,1.8568513125088628,1.3361864721169303,Books
P275061,Harry Potter,0.923760200695364,0.7837965339233391,Books
P358878,Camlin Geometry Box,0.923760200695364,0.5897135826661313,School & Education
P207734,Johnson Baby Lotion,1.847520401390728,1.625444716779115,Kids & Baby
P176539,Camlin Geometry Box,1.8288585791544576,1.5899872545302025,School & Education
P924281,Johnson Baby Lotion,1.825126214707204,1.5507974278340353,Kids & Baby
P501464,Adidas T-Shirt,3.6390553360726456,2.183433201643588,Men Fashion
P990389,Milton Water Bottle,1.8195276680363228,1.2372788142646995,Home & Living
P131231,Rich Dad Poor Dad,0.6065092226787743,0.4852073781430194,Books
P274860,Johnson Baby Lotion,1.2130184453575483,0.99467512519319,Kids & Baby
P595952,Dell Inspiron Laptop,1.847520401390728,1.3473835654586923,Computing
P344214,Johnson Baby Lotion,1.2018213520157863,0.839782000632149,Kids & Baby
P964018,Generic Product,1.8643160414033708,1.1365049741888418,Others
P391919,Milton Water Bottle,3.583069869363836,2.649978757550337,Home & Living
P683207,IKEA Dining Table,1.791534934681918,1.4686854099944473,Home & Living
P667515,Generic Product,1.782204023563783,1.3529821121295735,Others
P914124,Milton Water Bottle,1.776605476892902,1.3137922854334063,Home & Living
P515027,Generic Product,4.478837336704795,3.71743498946498,Others
P351214,Nivea Face Wash,3.545746224891296,2.9784268289086886,Beauty & Grooming
P156208,Classmate Notebook,1.772873112445648,1.0805195074800318,School & Education
P894509,Harry Potter,1.772873112445648,1.5414665167159003,Books
P914247,Harry Potter,1.772873112445648,1.3287217432224223,Books
P363444,Johnson Baby Lotion,3.536415313773161,2.3327277795337475,Kids & Baby
P999338,Classmate Notebook,1.763542201327513,1.1103784230580638,School & Education
P702210,Johnson Baby Lotion,4.105600891979395,2.545472553027225,Kids & Baby
P139238,Luxury Chocolate Hamper,0.6998183338601242,0.4964044714847814,Soghaat
P362136,Milton Water Bottle,3.471098935946216,2.8104704287822586,Home & Living
P181485,Milton Water Bottle,3.469232753722589,2.46149435296401,Home & Living
P411823,Loreal Shampoo,3.459901842604454,2.905645722187236,Beauty & Grooming
P247862,Pampers Diapers,3.452437113709946,2.278608495048565,Kids & Baby
P668773,Johnson Baby Lotion,3.450570931486319,2.552937281921733,Kids & Baby
P200099,Luxury Chocolate Hamper,0.858443822868419,0.6251710449150443,Soghaat
P154811,Pampers Diapers,1.698225823500568,1.0189354941003408,Kids & Baby
P670614,Classmate Notebook,0.5598546670880994,0.3807011736199076,School & Education
P109705,Atomic Habits,1.1197093341761988,0.839782000632149,Books
P419276,Camlin Geometry Box,3.359128002528596,2.720893682048163,School & Education
P275902,Festival Gift Pack,0.6718256005057193,0.5897135826661313,Soghaat
P146262,Generic Product,1.1197093341761988,0.7725994405815771,Others
P527415,Classmate Notebook,3.359128002528596,2.8888500821745926,School & Education
P761077,Classmate Notebook,0.5598546670880994,0.4870735603666464,School & Education
P923232,Festival Gift Pack,1.679564001264298,1.0581253207965078,Soghaat
P892233,Camlin Geometry Box,1.677697819040671,1.4089675788383833,School & Education
P783461,IKEA Dining Table,1.1178431519525718,0.961083845167904,Home & Living
P293705,Fortune Oil,0.837915818408522,0.6027768582315203,Superstore
P790645,Camlin Geometry Box,1.670233090146163,1.3193908321042875,School & Education
P859811,Rich Dad Poor Dad,1.1103784230580638,0.7763318050288311,Books
P769261,Classmate Notebook,1.1103784230580638,0.854711458421165,School & Education
P595878,Harry Potter,1.1103784230580638,0.7427405250035451,Books
P827245,Rich Dad Poor Dad,1.1103784230580638,0.6755579649529733,Books
P710971,Camlin Geometry Box,1.1103784230580638,0.92002783624811,School & Education
P497885,Harry Potter,0.7931274450414741,0.5710517604298614,Books
P669973,Generic Product,3.323670540279683,2.724626046495417,Others
P396098,Generic Product,1.1010475119399288,0.890168920670078,Others
P105825,Maggi Noodles,4.030953603034315,2.620119841972305,Superstore
P477437,Milton Water Bottle,1.631043263449996,1.1253078808470798,Home & Living
P374460,Tata Salt,0.4646793736831224,0.3097862491220816,Superstore
P534918,Johnson Baby Lotion,1.614247623437353,1.1290402452943338,Kids & Baby
P307535,Classmate Notebook,1.604916712319218,1.1383711564124688,School & Education
P965272,Generic Product,3.206101060191182,2.371917606229914,Others
P784050,IKEA Dining Table,0.5318619337336944,0.3769688091726536,Home & Living
P422708,Pampers Diapers,0.7931274450414741,0.5076015648265434,Kids & Baby
P970458,Pampers Diapers,2.8552588021493066,1.797133481352799,Kids & Baby
P374004,Yonex Racket,3.1706435979422696,2.2823408594958186,Health & Sports
P434157,Yonex Racket,2.42417070849147,2.1330462816056586,Health & Sports
P802496,Rich Dad Poor Dad,3.1631788690477616,2.371917606229914,Books
P603396,Pampers Diapers,1.5675930678466783,1.2223493564756835,Kids & Baby
P119854,Festival Gift Pack,0.2239418668352397,0.1735549467973108,Soghaat
P838471,Fortune Oil,3.107193402338952,2.392445610689811,Superstore
P114419,Luxury Chocolate Hamper,0.3452437113709946,0.3023215202275736,Soghaat
P687135,Luxury Chocolate Hamper,1.0264002229948488,0.892035102893705,Soghaat
P788894,Milton Water Bottle,3.0792006689845466,2.431635437385978,Home & Living
P504954,Fortune Oil,3.0792006689845466,2.401776521807946,Superstore
P562235,Camlin Geometry Box,1.0264002229948488,0.7688670761343231,School & Education
P772930,Camlin Geometry Box,1.0264002229948488,0.912563107353602,School & Education
P658885,Johnson Baby Lotion,3.07733448676092,2.0602651748842056,Kids & Baby
P664345,Fortune Oil,0.3172509780165896,0.2780611513204227,Superstore
P276689,Yonex Racket,3.349797091410461,2.2095597527743656,Health & Sports
P952868,Classmate Notebook,1.847520401390728,1.4780163211125823,School & Education
P834446,Zara Dress,3.0163103280483163,2.713428953153655,Women Fashion
P807001,Camlin Geometry Box,3.7603571806084006,2.4055088862552,School & Education
P923712,Nivea Face Wash,2.9914901044740776,2.601458019736035,Beauty & Grooming
P895240,Generic Product,2.9858915578031966,2.1797008371963336,Others
P884993,Milton Water Bottle,2.9858915578031966,2.388713246242557,Home & Living
P101786,Zara Dress,2.9858915578031966,1.9408295125720776,Women Fashion
P937597,Nike Air Max Shoes,2.9858915578031966,2.0304062593061736,Men Fashion
P130754,Yonex Racket,3.357261820304969,2.8198013399003936,Health & Sports
P832533,Cosco Football,2.9840253755795696,1.9986811615045148,Health & Sports
P371421,IKEA Dining Table,1.4910795966779713,1.1029136941635558,Home & Living
P675023,Pampers Diapers,1.4910795966779713,0.983478031851428,Kids & Baby
P505317,Johnson Baby Lotion,1.4910795966779713,0.998407489640444,Kids & Baby
P272076,Generic Product,1.2876657343026283,0.7837965339233391,Others
P407562,Harry Potter,2.9765606466850616,2.49881799743655,Books
P769320,Rich Dad Poor Dad,1.4836148677834633,1.2596730009482235,Books
P572956,Atomic Habits,1.4836148677834633,1.1570329786487388,Books
P892750,Atomic Habits,1.4836148677834633,1.1570329786487388,Books
P166403,Classmate Notebook,0.7371419783326641,0.6401005027040603,School & Education
P643349,Bose Soundbar,1.4742839566653283,1.0319987696657298,Entertainment
P897301,Classmate Notebook,0.7371419783326641,0.6401005027040603,School & Education
P832686,Camlin Geometry Box,0.979745667404174,0.862176187315673,School & Education
P864992,Milton Water Bottle,2.9392370022125216,1.8811116814160136,Home & Living
P472060,Milton Water Bottle,0.979745667404174,0.850979093973911,Home & Living
P990333,Pampers Diapers,1.4556221344290583,1.1197093341761988,Kids & Baby
P136138,Camlin Geometry Box,0.9704147562860388,0.6587623249403303,School & Education
P776376,Yonex Racket,1.4462912233109233,0.9965413074168168,Health & Sports
P342252,Festival Gift Pack,0.4777426492485114,0.3676378980545186,Soghaat
P851316,Johnson Baby Lotion,2.860857348820188,2.57346528638163,Kids & Baby
P941691,Yonex Racket,2.8552588021493066,1.854985130285236,Health & Sports
P125701,Generic Product,1.5675930678466783,1.0655900496910158,Others
P731853,Festival Gift Pack,0.9144292895772288,0.6848888760711083,Soghaat
P934707,Johnson Baby Lotion,1.3996366677202483,0.923760200695364,Kids & Baby
P294896,Johnson Baby Lotion,0.6998183338601242,0.5654532137589804,Kids & Baby
P980609,Cosco Football,2.7992733354404966,2.463360535187637,Health & Sports
P316760,Rich Dad Poor Dad,2.7992733354404966,1.791534934681918,Books
P671611,Cosco Football,2.519346001896447,2.116250641593016,Health & Sports
P990886,Cosco Football,2.7992733354404966,2.491353268542042,Health & Sports
P355622,Classmate Notebook,1.3996366677202483,1.0637238674673888,School & Education
P984910,Camlin Geometry Box,0.5598546670880994,0.4590808270122414,School & Education
P108360,Harry Potter,2.7992733354404966,1.791534934681918,Books
P119281,IKEA Dining Table,2.7974071532168696,1.789668752458291,Home & Living
P938810,Pampers Diapers,2.7974071532168696,1.761676019103886,Kids & Baby
P223966,IKEA Dining Table,2.7974071532168696,1.817661485812696,Home & Living
P632086,Tata Salt,2.7974071532168696,2.2375524861287706,Superstore
P383563,Nivea Face Wash,2.7974071532168696,2.2095597527743656,Beauty & Grooming
P938830,IKEA Dining Table,1.3977704854966213,1.1458358853069768,Home & Living
P920137,IKEA Dining Table,0.4665455559067494,0.3769688091726536,Home & Living
P504448,Johnson Baby Lotion,2.7899424243223616,2.482022357423907,Kids & Baby
P707985,Harry Potter,2.7899424243223616,1.9240338725594348,Books
P212781,Johnson Baby Lotion,2.7899424243223616,1.95202660591384,Kids & Baby
P881523,Rich Dad Poor Dad,0.923760200695364,0.6830226938474813,Books
P598655,Rich Dad Poor Dad,0.923760200695364,0.821120178395879,Books
P386424,Pampers Diapers,2.771280602086092,2.2991364995084616,Kids & Baby
P619158,Camlin Geometry Box,2.771280602086092,2.2991364995084616,School & Education
P516629,Camlin Geometry Box,1.3809748454839783,1.1588991608723658,School & Education
P392014,Pampers Diapers,2.7619496909679566,1.8213938502599496,Kids & Baby
P474867,Cosco Football,2.752618779849822,2.228221575010636,Health & Sports
P526981,Camlin Geometry Box,0.5505237559699644,0.3396451647001136,School & Education
P165857,HP Pavilion,0.9144292895772288,0.804324538383236,Computing
P446333,Pampers Diapers,0.0,0.0,Kids & Baby
P245738,Nivea Face Wash,1.3623130232477083,1.0077384007585788,Beauty & Grooming
P962626,Maggi Noodles,1.3249893787751683,0.9928089429695628,Superstore
P191938,Pampers Diapers,1.3529821121295735,0.892035102893705,Kids & Baby
P696075,Yonex Racket,1.677697819040671,1.4593544988763123,Health & Sports
P756257,HP Pavilion,0.895767467340959,0.5542561204172184,Computing
P323430,Johnson Baby Lotion,1.3436512010114383,0.9256263829189908,Kids & Baby
P657906,Festival Gift Pack,0.877105645104689,0.6662270538348383,Soghaat
P317610,Pampers Diapers,2.612655113077797,1.645972721239012,Kids & Baby
P693263,Johnson Baby Lotion,2.612655113077797,2.0378709882006816,Kids & Baby
P600084,Cosco Football,2.612655113077797,1.9856178859391256,Health & Sports
P523515,Camlin Geometry Box,1.3063275565388983,1.1365049741888418,School & Education
P340271,Camlin Geometry Box,1.3063275565388983,1.0450620452311188,School & Education
P842088,Generic Product,2.61078893085417,1.670233090146163,Others
P629203,Generic Product,2.8365969799130366,2.041603352647936,Others
P423950,Pampers Diapers,2.61078893085417,2.062131357107833,Kids & Baby
P986679,Generic Product,0.6811565116238543,0.5915797648897583,Others
P330547,Harry Potter,2.603324201959662,1.9781531570446176,Books
P198082,Johnson Baby Lotion,2.593993290841527,1.9184353258885536,Kids & Baby
P135836,Atomic Habits,1.2969966454207635,0.828584907290387,Books
P971775,Rich Dad Poor Dad,1.2969966454207635,1.0487944096783728,Books
P858025,Johnson Baby Lotion,1.2969966454207635,1.0487944096783728,Kids & Baby
P241288,HP Pavilion,1.2783348231844935,0.7912612628178471,Computing
P145469,IKEA Dining Table,2.519346001896447,1.662768361251655,Home & Living
P145810,Pampers Diapers,3.0792006689845466,1.9389633303484508,Kids & Baby
P548573,Camlin Geometry Box,0.839782000632149,0.7558038005689341,School & Education
P557706,Camlin Geometry Box,0.4198910003160745,0.2761949690967957,School & Education
P131066,Fortune Oil,2.89071626439822,2.166637561630945,Superstore
P732124,Johnson Baby Lotion,1.2503420898300883,0.987210396298682,Kids & Baby
P175293,Tata Salt,2.485754721871161,1.715021463513211,Superstore
P603633,IKEA Dining Table,2.482022357423907,1.612381441213726,Home & Living
P907173,Johnson Baby Lotion,2.482022357423907,2.034138623753428,Kids & Baby
P826694,Atomic Habits,0.4945382892611544,0.3807011736199076,Books
P150120,Camlin Geometry Box,1.2316802675938183,1.0469282274547458,School & Education
P504572,Maggi Noodles,2.44283253072774,2.0024135259517686,Superstore
P409400,Johnson Baby Lotion,2.426036890715097,1.98935025038638,Kids & Baby
P251175,Generic Product,1.8661822236269976,1.2316802675938183,Others
P561696,Generic Product,1.2130184453575483,0.836049636184895,Others
P915936,Camlin Geometry Box,2.42417070849147,2.181567019419961,School & Education
P755718,Johnson Baby Lotion,2.42417070849147,2.1573066505128096,Kids & Baby
P893202,Rich Dad Poor Dad,2.416705979596962,2.1498419216183016,Books
P561216,Classmate Notebook,2.416705979596962,2.0528004459896976,School & Education
P634184,Johnson Baby Lotion,2.388713246242557,1.623578534555488,Kids & Baby
P303119,Johnson Baby Lotion,1.1943566231212783,0.798725991712355,Kids & Baby
P199227,IKEA Dining Table,2.38684706401893,1.9314986014539428,Home & Living
P496560,Tata Salt,2.383114699571676,2.071462268225968,Superstore
P203151,Loreal Shampoo,2.366319059559033,2.129313917158405,Beauty & Grooming
P377933,Atomic Habits,2.3327277795337475,1.655303632357147,Books
P986717,Nivea Face Wash,2.3327277795337475,1.608649076766472,Beauty & Grooming
P591213,Maggi Noodles,0.4665455559067494,0.3732364447253996,Superstore
P587885,Classmate Notebook,0.7744656228052041,0.6811565116238543,School & Education
P639388,Camlin Geometry Box,0.5747841248771154,0.4068277247506855,School & Education
P113318,Pampers Diapers,2.2767423128249376,1.683296365711552,Kids & Baby
P455444,Generic Product,1.3343202898933035,0.865908551762927,Others
P925806,Johnson Baby Lotion,2.7992733354404966,2.295404135061208,Kids & Baby
P340929,Pampers Diapers,2.2394186683523976,1.9259000547830616,Kids & Baby
P494790,Luxury Chocolate Hamper,0.1866182223626998,0.1213018445357548,Soghaat
P141051,Pampers Diapers,2.2394186683523976,1.657169814580774,Kids & Baby
P148962,Classmate Notebook,0.5598546670880994,0.4422851869995985,School & Education
P318655,Luxury Chocolate Hamper,0.2239418668352397,0.1847520401390728,Soghaat
P328639,Atomic Habits,1.1197093341761988,0.7166139738727672,Books
P479202,Camlin Geometry Box,0.5598546670880994,0.3751026269490266,School & Education
P814508,Luxury Chocolate Hamper,2.2375524861287706,1.677697819040671,Soghaat
P614189,Biba Kurti,1.1178431519525718,0.82671872506676,Women Fashion
P974285,Johnson Baby Lotion,0.7446067072271721,0.5505237559699644,Kids & Baby
P548597,Harry Potter,0.7446067072271721,0.4534822803413604,Books
P376314,Generic Product,0.5579884848644724,0.4684117381303764,Others
P634306,Harry Potter,2.2300877572342626,1.9165691436649268,Books
P113376,Atomic Habits,1.1103784230580638,0.7763318050288311,Books
P857346,Harry Potter,1.1103784230580638,0.7875288983705931,Books
P812958,Harry Potter,0.7371419783326641,0.5598546670880994,Books
P735219,Atomic Habits,0.7371419783326641,0.5299957515100674,Books
P465690,HP Pavilion,0.7278110672145292,0.4870735603666464,Computing
P110320,Pampers Diapers,2.1647713794073176,1.731817103525854,Kids & Baby
P257000,Classmate Notebook,1.0823856897036588,0.886436556222824,School & Education
P350369,Classmate Notebook,1.0823856897036588,0.897633649564586,School & Education
P183937,Generic Product,2.1554404682891826,1.3791086632603515,Others
P954578,Generic Product,2.146109557171048,1.4798825033362093,Others
P536415,Pampers Diapers,2.146109557171048,1.4164323077328913,Kids & Baby
P231100,Luxury Chocolate Hamper,1.0730547785855238,0.824852542843133,Soghaat
P433837,Tata Salt,1.0637238674673888,0.6904874227419892,Superstore
P104318,Pampers Diapers,0.7091492449782592,0.5374604804045754,Kids & Baby
P779025,Camlin Geometry Box,1.0637238674673888,0.7334096138854101,School & Education
P688159,Generic Product,1.0637238674673888,0.934957294037126,Others
P903606,Johnson Baby Lotion,2.1181168238166426,1.4182984899565183,Kids & Baby
P530521,Camlin Geometry Box,2.0901240904622376,1.754211290209378,School & Education
P778627,Generic Product,1.0450620452311188,0.7408743427799181,Others
P145911,Pampers Diapers,2.0528004459896976,1.4164323077328913,Kids & Baby
P207479,Camlin Geometry Box,2.0528004459896976,1.2932642809735095,School & Education
P553225,Harry Potter,2.0434695348715626,1.817661485812696,Books
P204937,Fortune Oil,2.039737170424309,1.2223493564756835,Superstore
P892177,HP Pavilion,0.6718256005057193,0.6046430404551473,Computing
P803386,Maggi Noodles,0.6718256005057193,0.4292219114342095,Superstore
P834895,Harry Potter,1.959491334808348,1.5862548900829485,Books
P400701,Johnson Baby Lotion,1.9576251525847208,1.2130184453575483,Kids & Baby
P979948,Pampers Diapers,1.9576251525847208,1.662768361251655,Kids & Baby
P263965,Johnson Baby Lotion,0.972280938509666,0.6401005027040603,Kids & Baby
P921628,Camlin Geometry Box,0.6363681382568063,0.5076015648265434,School & Education
P301313,Asus Vivobook,0.3172509780165896,0.2052800445989697,Computing
P562680,Luxury Chocolate Hamper,0.9517529340497688,0.6550299604930763,Soghaat
P494494,Generic Product,1.9035058680995376,1.4071013966147563,Others
P511346,IKEA Dining Table,2.2375524861287706,1.5657268856230513,Home & Living
P158718,Luxury Chocolate Hamper,0.9330911118134988,0.7558038005689341,Soghaat
P909766,IKEA Dining Table,1.8661822236269976,1.642240356791758,Home & Living
P989204,Generic Product,0.9330911118134988,0.811789267277744,Others
P395278,Atomic Habits,0.4665455559067494,0.3396451647001136,Books
P243932,Classmate Notebook,0.4665455559067494,0.4049615425270585,School & Education
P756941,Generic Product,1.8661822236269976,1.4182984899565183,Others
P785220,Generic Product,1.8643160414033708,1.3417850187878115,Others
P170303,Generic Product,1.8643160414033708,1.4164323077328913,Others
P410032,Generic Product,1.8643160414033708,1.603050530095591,Others
P466797,Pampers Diapers,1.8643160414033708,1.3417850187878115,Kids & Baby
P536443,Johnson Baby Lotion,1.8643160414033708,1.603050530095591,Kids & Baby
P961217,Loreal Shampoo,1.8643160414033708,1.603050530095591,Beauty & Grooming
P267185,Johnson Baby Lotion,0.931224929589872,0.5579884848644724,Kids & Baby
P900623,Generic Product,1.8587174947324896,1.1700962542141276,Others
P301836,Tata Salt,0.4646793736831224,0.2873920624385577,Superstore
P618968,Fortune Oil,0.3713702625017726,0.2258080490588667,Superstore
P520691,Generic Product,1.8568513125088628,1.3175246498806603,Others
P183926,Fortune Oil,0.3713702625017726,0.3116524313457086,Superstore
P866480,Luxury Chocolate Hamper,0.979745667404174,0.6942197871892432,Soghaat
P887047,Atomic Habits,0.923760200695364,0.7203463383200212,Books
P288030,Generic Product,1.847520401390728,1.606782894542845,Others
P951249,Luxury Chocolate Hamper,0.923760200695364,0.7931274450414741,Soghaat
P169446,Harry Potter,0.6158401337969093,0.4422851869995985,Books
P549626,Johnson Baby Lotion,1.8363233080489656,1.2298140853701915,Kids & Baby
P572291,Generic Product,1.8288585791544576,1.3884395743784863,Others
P682701,Camlin Geometry Box,0.9144292895772288,0.7222125205436482,School & Education
P427880,Luxury Chocolate Hamper,1.9501604236902128,1.59745198342471,Soghaat
P518951,Generic Product,0.802458356159609,0.5934459471133853,Others
P797356,Generic Product,1.791534934681918,1.5582621567285433,Others
P379281,Maggi Noodles,0.3545746224891296,0.3079200668984546,Superstore
P384442,IKEA Dining Table,0.886436556222824,0.6550299604930763,Home & Living
P404236,Fortune Oil,1.707556734618703,1.2634053653954775,Superstore
P589810,IKEA Dining Table,1.763542201327513,1.1812933475558896,Home & Living
P488099,Pampers Diapers,1.5750577967411865,1.3847072099312323,Kids & Baby
P838853,Generic Product,1.716887645736838,1.1495682497542308,Others
P996048,Pampers Diapers,1.716887645736838,1.5097414189142413,Kids & Baby
P640891,Camlin Geometry Box,1.716887645736838,1.1663638897668738,School & Education
P712322,Camlin Geometry Box,0.5243972048391864,0.4236233647633285,School & Education
P120586,Harry Potter,0.5598546670880994,0.4646793736831224,Books
P829161,HP Pavilion,1.679564001264298,1.3604468410240815,Computing
P357591,Camlin Geometry Box,0.5598546670880994,0.3918982669616696,School & Education
P475430,Camlin Geometry Box,0.5318619337336944,0.4348204581050905,School & Education
P858122,Pampers Diapers,1.677697819040671,1.1234416986234528,Kids & Baby
P113266,Generic Product,1.677697819040671,1.4257632188510263,Others
P594027,Fortune Oil,0.5579884848644724,0.3508422580418756,Superstore
P713507,Rich Dad Poor Dad,1.670233090146163,1.0842518719272858,Books
P356515,Generic Product,1.884844045863268,1.5638607033994243,Others
P259018,Generic Product,0.5505237559699644,0.3788349913962806,Others
P650306,Classmate Notebook,1.644106539015385,1.1663638897668738,School & Education
P948060,Camlin Geometry Box,1.632909445673623,1.1588991608723658,School & Education
P465866,Johnson Baby Lotion,1.614247623437353,1.4518897699818043,Kids & Baby
P225569,Camlin Geometry Box,0.2687302402022877,0.1922167690335808,School & Education
P246984,Classmate Notebook,0.4012291780798045,0.3489760758182486,School & Education
P414248,Maggi Noodles,1.3156584676570335,0.9592176629442768,Superstore
P197055,Camlin Geometry Box,0.0839782000632149,0.0597178311560639,School & Education
P937612,Generic Product,2.2394186683523976,1.3884395743784863,Others
P764124,Rich Dad Poor Dad,1.5862548900829485,1.0301325874421028,Books
P522671,Tata Salt,0.5206648403919324,0.3116524313457086,Superstore
P310205,Tata Salt,0.5206648403919324,0.3993629958561775,Superstore
P976875,Tata Salt,0.7520714361216801,0.6382343204804333,Superstore
P660316,Fortune Oil,0.7464728894507991,0.6494314138221953,Superstore
P855575,Luxury Chocolate Hamper,0.7464728894507991,0.5598546670880994,Soghaat
P999871,Fortune Oil,1.4929457789015983,1.2391449964883263,Superstore
P166596,Pampers Diapers,1.4910795966779713,1.2969966454207635,Kids & Baby
P586554,Nivea Face Wash,1.4910795966779713,1.3268555609987955,Beauty & Grooming
P945237,Johnson Baby Lotion,1.4910795966779713,0.968548574062412,Kids & Baby
P302311,Zara Dress,1.4910795966779713,1.3417850187878115,Women Fashion
P843485,Johnson Baby Lotion,1.4910795966779713,1.3417850187878115,Kids & Baby
P961955,Pampers Diapers,1.614247623437353,1.3716439343658435,Kids & Baby
P637134,Rich Dad Poor Dad,2.0434695348715626,1.5321356055977653,Books
P860159,Classmate Notebook,1.4836148677834633,1.2895319165262555,School & Education
P226594,Pampers Diapers,1.4836148677834633,1.1122446052816908,Kids & Baby
P575285,Rich Dad Poor Dad,1.4836148677834633,1.2746024587372395,Books
P637388,Harry Potter,1.4836148677834633,0.9032321962354668,Books
P981094,Harry Potter,1.4836148677834633,1.2148846275811755,Books
P886503,Harry Potter,0.7371419783326641,0.6177063160205363,Books
P139554,Pampers Diapers,1.4556221344290583,1.0040060363113248,Kids & Baby
P608125,HP Pavilion,0.7278110672145292,0.6326357738095523,Computing
P361675,Classmate Notebook,0.3396451647001136,0.2873920624385577,School & Education
P994881,Generic Product,2.491353268542042,1.5694592500703053,Others
P197825,Atomic Habits,2.2300877572342626,1.4705515922180743,Books
P149491,Fortune Oil,1.707556734618703,1.0413296807838648,Superstore
P545776,Festival Gift Pack,1.4182984899565183,0.850979093973911,Soghaat
P476150,Nivea Face Wash,1.4182984899565183,1.2055537164630403,Beauty & Grooming
P564520,Camlin Geometry Box,0.4721441025776304,0.3209833424638436,School & Education
P665312,Fortune Oil,0.3527084402655026,0.2426036890715097,Superstore
P246213,Pampers Diapers,1.3996366677202483,1.0208016763239678,Kids & Baby
P499383,Atomic Habits,1.3996366677202483,1.1327726097415878,Books
P444847,Classmate Notebook,0.4665455559067494,0.3583069869363836,School & Education
P108274,Camlin Geometry Box,1.3996366677202483,0.9517529340497688,School & Education
P361761,Rich Dad Poor Dad,1.3996366677202483,0.979745667404174,Books
P639882,Classmate Notebook,0.6998183338601242,0.4198910003160745,School & Education
P769860,Atomic Habits,1.3996366677202483,0.964816209615158,Books
P753708,Classmate Notebook,0.4665455559067494,0.3732364447253996,School & Education
P698623,Nivea Face Wash,1.3977704854966213,0.9218940184717368,Beauty & Grooming
P600996,Classmate Notebook,1.3977704854966213,1.2428773609355803,School & Education
P492228,Harry Potter,1.3903057566021133,1.0693224141382698,Books
P807458,IKEA Dining Table,1.3716439343658435,0.987210396298682,Home & Living
P778245,Fortune Oil,0.6811565116238543,0.4758764670248844,Superstore
P463651,Maggi Noodles,1.3623130232477083,0.9666823918387848,Superstore
P258737,Pampers Diapers,0.9517529340497688,0.5710517604298614,Kids & Baby
P494324,Camlin Geometry Box,0.3359128002528596,0.2649978757550337,School & Education
P513436,Generic Product,1.2764686409608663,0.878971827328316,Others
P305622,Generic Product,0.6158401337969093,0.4609470092358684,Others
P208528,Generic Product,0.6624946893875843,0.3974968136325505,Others
P896051,Camlin Geometry Box,0.4385528225523445,0.3097862491220816,School & Education
P756246,Classmate Notebook,1.3063275565388983,1.1103784230580638,School & Education
P151149,Generic Product,1.3063275565388983,0.979745667404174,Others
P136346,Maggi Noodles,1.3903057566021133,1.1943566231212783,Superstore
P283634,Camlin Geometry Box,0.6512975960458223,0.4684117381303764,School & Education
P452678,Harry Potter,1.2969966454207635,0.7893950805942201,Books
P779382,Atomic Habits,1.2969966454207635,0.946154387378888,Books
P796552,Rich Dad Poor Dad,1.2969966454207635,1.1402373386360958,Books
P757238,Generic Product,1.2876657343026283,0.822986360619506,Others
P420989,Camlin Geometry Box,1.2690039120663583,0.7614023472398151,School & Education
P969410,Tata Salt,0.6326357738095523,0.4161586358688205,Superstore
P600924,Johnson Baby Lotion,1.1178431519525718,0.905098378459094,Kids & Baby
P922501,Camlin Geometry Box,1.2503420898300883,1.0487944096783728,School & Education
P194155,Atomic Habits,0.0,0.0,Books
P388110,Camlin Geometry Box,1.2316802675938183,0.824852542843133,School & Education
P246442,Camlin Geometry Box,1.2316802675938183,1.0823856897036588,School & Education
P860540,Camlin Geometry Box,1.2316802675938183,1.0096045829822058,School & Education
P112525,Maggi Noodles,0.4086939069743125,0.2967229735566926,Superstore
P644100,Rich Dad Poor Dad,1.2036875342394135,0.7334096138854101,Books
P261308,Harry Potter,1.2036875342394135,0.865908551762927,Books
P373116,Camlin Geometry Box,0.2985891557803196,0.2388713246242557,School & Education
P634281,Johnson Baby Lotion,1.1943566231212783,0.7278110672145292,Kids & Baby
P206548,Yonex Racket,1.1738286186613816,0.9965413074168168,Health & Sports
P740429,Camlin Geometry Box,1.1663638897668738,0.82671872506676,School & Education
P476406,Classmate Notebook,1.1570329786487388,0.821120178395879,School & Education
P221133,Festival Gift Pack,0.3732364447253996,0.2239418668352397,Soghaat
P576464,Harry Potter,0.2799273335440497,0.2351389601770017,Books
P317755,Harry Potter,0.3732364447253996,0.2799273335440497,Books
P675166,Classmate Notebook,0.3732364447253996,0.2873920624385577,School & Education
P884332,Camlin Geometry Box,0.5318619337336944,0.4086939069743125,School & Education
P174167,Classmate Notebook,0.3732364447253996,0.2761949690967957,School & Education
P772585,Classmate Notebook,1.1178431519525718,0.893901285117332,School & Education
P966870,Maggi Noodles,0.5579884848644724,0.3900320847380426,Superstore
P641022,Tata Salt,0.3713702625017726,0.2593993290841527,Superstore
P974203,Rich Dad Poor Dad,1.1103784230580638,0.7875288983705931,Books
P175844,Atomic Habits,0.3639055336072646,0.2612655113077797,Books
P948260,Classmate Notebook,1.0730547785855238,0.9106969251299748,School & Education
P380903,Luxury Chocolate Hamper,0.5318619337336944,0.4777426492485114,Soghaat
P438845,Maggi Noodles,0.3545746224891296,0.2183433201643587,Superstore
P314809,Classmate Notebook,1.0525267741256268,0.6419666849276873,School & Education
P564600,Camlin Geometry Box,0.5243972048391864,0.4404190047759715,School & Education
P365661,Johnson Baby Lotion,1.0450620452311188,0.9293587473662448,Kids & Baby
P740813,Johnson Baby Lotion,0.5225310226155594,0.3956306314089235,Kids & Baby
P975975,Johnson Baby Lotion,1.0450620452311188,0.9181616540244828,Kids & Baby
P286681,Harry Potter,1.0264002229948488,0.800592173935982,Books
P537639,Rich Dad Poor Dad,1.0264002229948488,0.7072830627546322,Books
P623975,Classmate Notebook,1.0245340407712218,0.7670008939106961,School & Education
P573530,Classmate Notebook,0.9704147562860388,0.6792903294002273,School & Education
P427527,Camlin Geometry Box,0.9666823918387848,0.5878474004425043,School & Education
P901784,Tata Salt,0.0018661822236269,0.0,Superstore
P264156,Tata Salt,0.0018661822236269,0.0,Superstore
P148635,Camlin Geometry Box,0.9330911118134988,0.7837965339233391,School & Education
P801839,Cosco Football,0.6998183338601242,0.5523899381935914,Health & Sports
P272965,Tata Salt,0.9330911118134988,0.7278110672145292,Superstore
P841340,Classmate Notebook,0.9330911118134988,0.7091492449782592,School & Education
P574221,Maggi Noodles,0.4646793736831224,0.3527084402655026,Superstore
P696220,Camlin Geometry Box,0.923760200695364,0.802458356159609,School & Education
P639158,Classmate Notebook,0.923760200695364,0.5803826715479964,School & Education
P871588,Pampers Diapers,0.9144292895772288,0.7856627161469661,Kids & Baby
P479979,Camlin Geometry Box,0.2985891557803196,0.1791534934681918,School & Education
P525906,Harry Potter,0.888302738446451,0.7091492449782592,Books
P783473,Classmate Notebook,0.877105645104689,0.5859812182188773,School & Education
P122059,Camlin Geometry Box,0.877105645104689,0.7707332583579501,School & Education
P758031,Classmate Notebook,0.830451089514014,0.6307695915859253,School & Education
P770035,Classmate Notebook,0.4012291780798045,0.3321804358056056,School & Education
P143824,Classmate Notebook,0.7837965339233391,0.5243972048391864,School & Education
P783618,Classmate Notebook,0.3900320847380426,0.3191171602402166,School & Education
P652582,Camlin Geometry Box,0.7651347116870691,0.6494314138221953,School & Education
P147689,Harry Potter,0.7464728894507991,0.5971783115606393,Books
P155434,Classmate Notebook,0.7464728894507991,0.6046430404551473,School & Education
P677644,Tata Salt,0.3732364447253996,0.2426036890715097,Superstore
P373435,Classmate Notebook,0.7464728894507991,0.6419666849276873,School & Education
P246022,Rich Dad Poor Dad,0.1866182223626998,0.1399636667720248,Books
P301156,Atomic Habits,0.7464728894507991,0.4478837336704795,Books
P908867,Johnson Baby Lotion,0.7446067072271721,0.6102415871260283,Kids & Baby
P926714,Atomic Habits,0.7371419783326641,0.6251710449150443,Books
P252431,Classmate Notebook,0.7371419783326641,0.5598546670880994,School & Education
P475695,Classmate Notebook,0.7371419783326641,0.5523899381935914,School & Education
P236525,Classmate Notebook,1.2876657343026283,1.1327726097415878,School & Education
P849717,Rich Dad Poor Dad,0.2426036890715097,0.1492945778901598,Books
P174246,Camlin Geometry Box,0.1213018445357548,0.0951752934049769,School & Education
P601500,Rich Dad Poor Dad,0.2332727779533747,0.1996814979280887,Books
P408446,Camlin Geometry Box,0.95735148072065,0.6699594182820923,School & Education
P377021,Harry Potter,0.7464728894507991,0.4777426492485114,Books
P303627,Camlin Geometry Box,0.6568961427167033,0.5766503071007424,School & Education
P504503,Camlin Geometry Box,0.2052800445989697,0.1474283956665328,School & Education
P684181,Classmate Notebook,0.5785164893243694,0.3751026269490266,School & Education
P983797,Maggi Noodles,0.5766503071007424,0.4553484625649874,Superstore
P786699,Camlin Geometry Box,0.000279927333544,0.0,School & Education
P537025,Camlin Geometry Box,0.4105600891979395,0.3527084402655026,School & Education
P323971,Atomic Habits,0.2799273335440497,0.2407375068478827,Books
P815940,Classmate Notebook,0.5598546670880994,0.4702779203540034,School & Education
P476204,Classmate Notebook,0.5598546670880994,0.4534822803413604,School & Education
P727045,Camlin Geometry Box,0.5243972048391864,0.4553484625649874,School & Education
P533401,Camlin Geometry Box,0.5598546670880994,0.4814750136957654,School & Education
P382334,Classmate Notebook,0.5598546670880994,0.3862997202907886,School & Education
P313084,Atomic Habits,0.1866182223626998,0.1604916712319218,Books
P513373,Atomic Habits,0.5505237559699644,0.4124262714215665,Books
P643146,Camlin Geometry Box,0.5486575737463374,0.3769688091726536,School & Education
P889070,Camlin Geometry Box,0.2705964224259147,0.2164771379407317,School & Education
P921448,Camlin Geometry Box,0.5243972048391864,0.3601731691600106,School & Education
P904871,Atomic Habits,0.5225310226155594,0.4068277247506855,Books
P728109,Classmate Notebook,0.2612655113077797,0.2183433201643587,School & Education
P572848,Classmate Notebook,0.3601731691600106,0.2220756846116127,School & Education
P849857,Classmate Notebook,0.5038692003792894,0.3974968136325505,School & Education
P698577,Atomic Habits,0.4665455559067494,0.3023215202275736,Books
P886148,Tata Salt,0.4273557292105825,0.3191171602402166,Superstore
P154058,Atomic Habits,0.2799273335440497,0.2351389601770017,Books
P351329,Classmate Notebook,0.1866182223626998,0.1586254890082948,School & Education
P838513,Rich Dad Poor Dad,0.3732364447253996,0.2724626046495417,Books
P802240,Fortune Oil,0.3713702625017726,0.3191171602402166,Superstore
P182150,Harry Potter,0.3713702625017726,0.2817935157676767,Books
P354510,Camlin Geometry Box,0.3639055336072646,0.2724626046495417,School & Education
P830937,Classmate Notebook,0.3601731691600106,0.2687302402022877,School & Education
P979791,Atomic Habits,0.3545746224891296,0.2370051424006287,Books
P589607,Maggi Noodles,0.3340466180292326,0.2892582446621847,Superstore
P330457,Camlin Geometry Box,0.0447883733670479,0.0279927333544049,School & Education
P216993,Camlin Geometry Box,0.3172509780165896,0.2649978757550337,School & Education
P543201,Classmate Notebook,0.3135186135693356,0.2687302402022877,School & Education
P561307,Generic Product,0.3079200668984546,0.2575331468605257,Others
P509052,Classmate Notebook,0.4086939069743125,0.3620393513836376,School & Education
P870849,Classmate Notebook,0.3041877024512006,0.2612655113077797,School & Education
P981552,HP Pavilion,0.1492945778901598,0.0951752934049769,Computing
P953165,Atomic Habits,0.2799273335440497,0.2239418668352397,Books
P721905,Atomic Habits,0.2799273335440497,0.1847520401390728,Books
P912231,Rich Dad Poor Dad,0.2799273335440497,0.1810196756918188,Books
P100667,Rich Dad Poor Dad,0.2705964224259147,0.2314065957297477,Books
P464743,Generic Product,0.2519346001896447,0.1623578534555488,Others
P450414,Harry Potter,0.2426036890715097,0.1548931245610408,Books
P713838,Classmate Notebook,0.2370051424006287,0.1716887645736838,School & Education
P581285,Atomic Habits,0.2332727779533747,0.1455622134429058,Books
P982256,Generic Product,0.2239418668352397,0.1604916712319218,Others
P961253,Classmate Notebook,0.2052800445989697,0.1716887645736838,School & Education
P668099,Atomic Habits,0.1866182223626998,0.1474283956665328,Books
P587474,Generic Product,0.0149294577890159,0.0093309111181349,Others
P775661,Classmate Notebook,0.1492945778901598,0.1045062045231118,School & Education
P153186,Classmate Notebook,0.0671825600505719,0.0485207378143019,School & Education
P985412,Rich Dad Poor Dad,0.0933091111813499,0.0671825600505719,Books
P328629,Harry Potter,0.0933091111813499,0.0597178311560639,Books
P432772,Camlin Geometry Box,0.0466545555906749,0.0335912800252859,School & Education
P131222,Generic Product,0.0074647288945079,0.0037323644472539,Others
P294920,Generic Product,0.0111970933417619,0.0093309111181349,Others
P869522,Generic Product,0.0018661822236269,0.0,Others
P652203,Camlin Geometry Box,0.886436556222824,0.7614023472398151,School & Education
P774270,Generic Product,0.0018661822236269,0.0,Others
